Butylene Glycol,1
Retinyl Palmitate,9
Ethylhexylglycerin,2
Tocopherol,1
Mineral Oil,1
Phthalates,7
Carbon Black,1
Formaldehydes,6
Ethanolamines DEA/TEA/MEA/ETA,4
methyl methacrylate,1
Deastyrene/acrylates/dvbcopolymer,1
Coal Tar,3
hydroxypropyl methacrylate,1
Formaldehyde-releasing agents,6
ethyl methacrylate,1
Toluene,3
Triclocarban,3
Resorcinol,4
butyl methacrylate,1
Butylated hydroxyanisole (BHA),6
Butoxyethanol,5
aluminum salts),2
Benzophenone + Related Compounds,4
Triclosan,1
Animal Oils/Musks/Fats,1
Hydroquinone,7
Methyl Cellosolve + Methoxyethanol,1
Polyacrylamide & Acrylamide,4
Mercury + Mercury Compounds (Thimerisol),10
styrene oxide,1
Lead/Lead Acetate,1
styrene),2
Methylchloroisothiazolinone & Methylisothiazolinone,7
tetrahydrofurfuryl methacrylate,5
trimethylolpropane trimethacrylate,5
Oxybenzone,4
Parabens,4
sodium styrene/divinylbenzene copolymer,2
Sodium Hyaluronate,1
Xanthan Gum,1
Citric Acid,2
Caprylyl Glycol,1
Sulfates—SLS + SLES,1
Tocopheryl Acetate,3
Dimethicone,3
Caprylic/Capric Triglyceride,1
Propanediol,2
Potassium Sorbate,2
Limonene,5
Sodium Benzoate,3
Carbomer,1
Sodium Hydroxide,4
Pentylene Glycol,1
Glyceryl Stearate,1
Squalane,1
Cetearyl Alcohol,1
2-Hexanediol,1
Linalool,3
Disodium Edta,1
Caffeine,1
Disodium EDTA,1
Silica,2
Polysorbate 20,3
Alcohol,2
Mica,2
Fragrance,8
Panthenol,1
Lecithin,2
Helianthus Annuus (Sunflower) Seed Oil,1
Camellia Sinensis Leaf Extract,2
Chlorphenesin,3
Cetyl Alcohol,1
Butyrospermum Parkii (Shea) Butter,1
Sodium Citrate,1
Geraniol,5
Stearic Acid,1
Hexylene Glycol,4
Acrylates/C10-30 Alkyl Acrylate Crosspolymer,1
Lactic Acid,4
Niacinamide,1
Trehalose,1
Citronellol,4
Allantoin,1
Hyaluronic Acid,1
Polysorbate 60,3
Cyclopentasiloxane,3
Citral,2
Sodium Chloride,1
Titanium Dioxide (Ci 77891),3
Adenosine,1
Betaine,5
Cucumis Sativus (Cucumber) Fruit Extract,1
Hydrogenated Polyisobutene,1
Arginine,1
Sorbitan Isostearate,3
Palmitoyl Tetrapeptide-7,1
Hydroxyethyl Acrylate/Sodium Acryloyldimethyl Taurate Copolymer,1
Hydrogenated Lecithin,2
Benzyl Alcohol,6
Simmondsia Chinensis (Jojoba) Seed Oil,1
Sucrose,1
Behenyl Alcohol,1
Trisodium Ethylenediamine Disuccinate,1
Bht,3
Glycolic Acid,1
Linoleic Acid,1
Parfum (Fragrance),8
Sodium PCA,6
Aloe Barbadensis Leaf Juice,3
Dipotassium Glycyrrhizate,1
Potassium Hydroxide,4
Ascorbyl Palmitate,1
Leuconostoc/Radish Root Ferment Filtrate,1
Ascorbic Acid,1
Tromethamine,2
Cholesterol,1
Algae Extract,1
Water/Aqua/Eau,3
Sodium Phytate,1
Glycyrrhiza Glabra (Licorice) Root Extract,5
Persea Gratissima (Avocado) Oil,1
Propylene Glycol,3
Tetrahexyldecyl Ascorbate,1
Palmitoyl Tripeptide-1,1
Diisostearyl Malate,1
Cocos Nucifera (Coconut) Oil,1
Glyceryl Caprylate,1
Ethylhexyl Palmitate,1
Dipropylene Glycol,2
Rosmarinus Officinalis (Rosemary) Leaf Extract,1
Maltodextrin,1
Tin Oxide,3
Polysilicone-11,1
Stearyl Alcohol,1
Sodium Metabisulfite,4
PEG-100 Stearate,3
Polyethylene,1
Steareth-20,3
Octyldodecanol,1
Polymethylsilsesquioxane,1
Sorbitol,1
Phospholipids,2
Palmitic Acid,1
Salicylic Acid,5
Titanium Dioxide,3
Hydroxyethylcellulose,1
Hydroxyacetophenone,1
Peg-100 Stearate,3
Isohexadecane,1
Jojoba Esters,1
Cyclohexasiloxane,2
Retinol,9
Mentha Piperita (Peppermint) Oil,4
Dehydroacetic Acid,1
Urea,1
Alcohol Denat,1
Pyrus Malus (Apple) Fruit Extract,1
Aqua/Water/Eau,3
Cetearyl Glucoside,2
Isododecane,1
Titanium Dioxide (CI 77891),3
Saccharide Isomerate,1
Dimethicone/Vinyl Dimethicone Crosspolymer,1
Polysorbate 80,3
Ascorbyl Glucoside,1
Iron Oxides (Ci 77491),2
Synthetic Fluorphlogopite,1
Sodium Polyacrylate,2
Ceteareth-20,3
Acetyl Hexapeptide-8,1
C12-15 Alkyl Benzoate,1
Kaolin,1
Sodium Lactate,3
Phytosphingosine,1
Lavandula Angustifolia (Lavender) Oil,2
Ricinus Communis (Castor) Seed Oil,2
Bisabolol,2
Polybutene,1
Polyhydroxystearic Acid,1
Sodium Hyaluronate Crosspolymer,1
Aqua (Water),1
Fragrance (Parfum),8
Coco-Caprylate/Caprate,1
Glycereth-26,1
Citrus Limon (Lemon) Fruit Extract,2
Scutellaria Baicalensis Root Extract,1
Benzyl Benzoate,3
Glucose,2
Hydrogenated Vegetable Oil,1
Petrolatum,1
Sorbic Acid,2
Magnesium Sulfate,1
Glycine Soja (Soybean) Oil,1
Butyrospermum Parkii (Shea Butter),1
Aluminum Hydroxide,1
Chamomilla Recutita (Matricaria) Flower Extract,2
Benzoic Acid,3
PEG-40 Hydrogenated Castor Oil,3
Ethoxydiglycol,2
Ceramide NP,1
Vitis Vinifera (Grape) Seed Oil,1
Sorbitan Olivate,1
BHT,3
Dicaprylyl Carbonate,1
Dimethicone Crosspolymer,1
Bis-Diglyceryl Polyacyladipate-2,1
Cetyl Ethylhexanoate,1
Zinc Gluconate,3
Limnanthes Alba (Meadowfoam) Seed Oil,1
Aminomethyl Propanol,3
Linolenic Acid,1
Glycine,1
Isononyl Isononanoate,1
Dimethiconol,1
Beta-Glucan,1
Silica Dimethyl Silylate,3
Chrysin,1
Aloe Barbadensis Leaf Extract,3
Pentaerythrityl Tetra-Di-T-Butyl Hydroxyhydrocinnamate,1
Serine,2
Acacia Senegal Gum,3
Gluconolactone,1
Cetearyl Olivate,1
Avena Sativa (Oat) Kernel Extract,1
N-Hydroxysuccinimide,1
Palmitoyl Oligopeptide,1
Tribehenin,1
Triethoxycaprylylsilane,1
Butylphenyl Methylpropional,7
Myristyl Myristate,1
Polyisobutene,1
Proline,1
Dextrin,1
Citrus Grandis (Grapefruit) Peel Oil,1
Tetrasodium EDTA,2
Hexyl Cinnamal,3
Phenyl Trimethicone,1
Pelargonium Graveolens Flower Oil,4
Ammonium Acryloyldimethyltaurate/Vp Copolymer,1
Disteardimonium Hectorite,1
Parfum/Fragrance,8
Benzyl Salicylate,5
Eucalyptus Globulus Leaf Oil,2
Alumina,1
Shea Butter,1
Panax Ginseng Root Extract,1
Triethanolamine,5
Pentaerythrityl Tetraethylhexanoate,1
Sorbitan Stearate,3
Polyacrylate Crosspolymer-6,1
Copper Gluconate,2
Caramel,2
Citrus Limon (Lemon) Peel Oil,6
Dimethyl Isosorbide,1
Oryza Sativa (Rice) Bran Extract,2
Helianthus Annuus (Sunflower) Seedcake,1
Sclerocarya Birrea Seed Oil,1
Vitamin E,1
Iron Oxides (Ci 77492),2
Trisodium Edta,1
Ammonium Acryloyldimethyltaurate/VP Copolymer,1
Chlorella Vulgaris Extract,1
Alanine,1
Sodium Pca,6
Calcium Gluconate,1
Tetrasodium Glutamate Diacetate,1
Threonine,1
Hydrogenated Polydecene,2
Xylitol,4
Sodium Dehydroacetate,1
Polyacrylamide,4
C13-14 Isoparaffin,1
Magnesium Ascorbyl Phosphate,1
Peg-8,3
Methicone,3
Yellow 5 (Ci 19140),6
Lactobacillus Ferment,1
Methylparaben,4
Alpha-Isomethyl Ionone,5
Pullulan,1
Methyl Methacrylate Crosspolymer,1
Butylene/Ethylene/Styrene Copolymer,1
Decyl Glucoside,2
Mannitol,1
Coconut Oil,1
Glyceryl Polymethacrylate,1
Methyl Gluceth-20,1
Coffea Arabica (Coffee) Seed Extract,1
Ethylene/Propylene/Styrene Copolymer,1
Inositol,1
Calcium Chloride,1
Laureth-7,3
Ci 77499),2
Biotin,3
Olea Europaea (Olive) Fruit Oil,1
Dihydroxyacetone,3
Saccharum Officinarum (Sugar Cane) Extract,1
Salix Alba (Willow) Bark Extract,1
Sorbitan Oleate,1
Potassium Cetyl Phosphate,1
Astrocaryum Murumuru Seed Butter,1
Curcuma Longa (Turmeric) Root Extract,1
Isoceteth-20,3
Centella Asiatica Extract,1
Iron Oxides (Ci 77491,2
Theobroma Cacao (Cocoa) Seed Butter,1
Inulin Lauryl Carbamate,1
Zinc Sulfate,4
Saccharomyces Cerevisiae Extract,1
Hydrolyzed Hyaluronic Acid,1
Albizia Julibrissin Bark Extract,1
Propylene Carbonate,1
Mangifera Indica (Mango) Seed Butter,1
Butyloctyl Salicylate,1
Carthamus Tinctorius (Safflower) Seed Oil,1
Ci 77492,2
Phenylalanine,1
Corallina Officinalis Extract,1
Glycine Soja (Soybean) Seed Extract,1
Isoleucine,1
Prunus Armeniaca (Apricot) Kernel Oil,1
Phytic Acid,1
Chenopodium Quinoa Seed Extract,1
Histidine,1
Valine,1
Calendula Officinalis Flower Extract,2
Acetyl Glucosamine,1
Cellulose Gum,1
Collagen,1
Sodium Stearoyl Glutamate,1
Pentaerythrityl Tetraisostearate,1
Eugenol,6
Sesamum Indicum (Sesame) Seed Oil,1
Synthetic Wax,1
Rosa Damascena Flower Oil,3
Dipeptide-2,1
Hesperidin Methyl Chalcone,1
Water\Aqua\Eau,3
Microcrystalline Cellulose,2
Laminaria Digitata Extract,1
Avocado Oil,1
Beeswax,1
Melia Azadirachta Leaf Extract,1
Bentonite,1
Polymethyl Methacrylate,1
Rosa Damascena Flower Water,1
Hydrolyzed Collagen,1
Aspartic Acid,1
Iron Oxides (CI 77491),2
Polyvinyl Alcohol,1
Glyceryl Stearate SE,1
Methylpropanediol,1
Methyl Trimethicone,3
Fructose,1
Glyceryl Stearate Citrate,1
Steareth-21,1
Hypnea Musciformis (Algae) Extract,1
Ozokerite,1
Polyglyceryl-3 Methylglucose Distearate,1
Sodium Gluconate,1
Acrylates Copolymer,2
Citrullus Lanatus (Watermelon) Fruit Extract,1
Trihydroxystearin,1
Coconut Alkanes,1
Triethyl Citrate,3
Manganese Sulfate,3
Polyglycerin-3,1
Ci 77891 (Titanium Dioxide),3
Peptides,1
Glyceryl Stearate Se,1
Vitamin C,1
Vaccinium Angustifolium (Blueberry) Fruit Extract,1
Polyglyceryl-2 Triisostearate,1
Chlorhexidine Digluconate,4
Sclerotium Gum,1
Iron Oxides (Ci 77499),2
Peg-10 Dimethicone,3
Niacin,1
PCA,1
Cetyl Palmitate,1
Magnesium Aluminum Silicate,2
Ubiquinone,1
Salvia Hispanica Seed Oil,1
Caprylhydroxamic Acid,1
Aloe Barbadensis Leaf Juice Powder,3
Rosmarinus Officinalis (Rosemary) Leaf Oil,1
Acer Saccharum (Sugar Maple) Extract,1
Theobroma Grandiflorum Seed Butter,1
Anthemis Nobilis Flower Oil,2
Fragrance / Parfum,8
Palmitoyl Tripeptide-5,1
Sucrose Tetrastearate Triacetate,1
Rubus Idaeus (Raspberry) Fruit Extract,1
Ceramide AP,1
Papain,1
Hydrolyzed Silk,1
Rosa Canina Fruit Extract,3
Arnica Montana Flower Extract,2
Cyclodextrin,1
Hydroxypropyl Cyclodextrin,1
Peg-40 Stearate,3
Algin,1
Red 4 (Ci 14700),3
Phytosterols,1
Hydrolyzed Jojoba Esters,1
Coumarin,1
Ascorbyl Tetraisopalmitate,1
Coco-Glucoside,1
Boron Nitride,1
Hydrogenated Poly(C6-14 Olefin),1
Polyglyceryl-10 Laurate,1
Borago Officinalis Seed Oil,1
Caprylic/Capric/Myristic/Stearic Triglyceride,1
Isostearic Acid,1
Glyceryl Polyacrylate,3
Hamamelis Virginiana (Witch Hazel) Water,1
Bis-Peg-18 Methyl Ether Dimethyl Silane,3
Ceramide EOP,4
Fragrance/Parfum,8
Isopropyl Isostearate,1
Iron Oxides,2
Ocimum Sanctum Leaf Extract,1
Sodium Metaphosphate,2
Polyglyceryl-2 Diisostearate,1
Oenothera Biennis (Evening Primrose) Oil,1
Vitis Vinifera (Grape) Fruit Extract,1
Yellow 5 Lake (Ci 19140),6
Sodium Lauroyl Lactylate,1
Oleic Acid,1
Hydroxyethyl Urea,5
Helianthus Annuus (Sunflower) Extract,1
Sodium Acrylate/Sodium Acryloyldimethyl Taurate Copolymer,1
Eucalyptus Globulus (Eucalyptus) Leaf Oil,2
Sodium Acetylated Hyaluronate,1
Chia Seed Oil,1
Nylon-12,1
Propylene Glycol Dicaprate,1
Erythrulose,1
Paeonia Suffruticosa Root Extract,1
Hydrogenated Castor Oil,3
Kappaphycus Alvarezii Extract,1
Colloidal Oatmeal,1
Cocamidopropyl Betaine,5
Triticum Vulgare (Wheat) Germ Extract,1
Hydroxycitronellal,6
C10-18 Triglycerides,1
Blue 1 Lake (Ci 42090),3
Zingiber Officinale (Ginger) Root Extract,1
Vanilla Planifolia Fruit Extract,1
Plankton Extract,1
PEG-60 Hydrogenated Castor Oil,3
Chondrus Crispus Extract,1
Vinyl Dimethicone/Methicone Silsesquioxane Crosspolymer,1
Zinc Oxide,3
Anhydroxylitol,1
Flavor,1
3-O-Ethyl Ascorbic Acid,1
Glyceryl Laurate,3
Yeast Extract/Faex/Extrait De Levure,1
Yeast Extract\Faex\Extrait De Levure,1
Macadamia Ternifolia Seed Oil,1
Magnesium Gluconate,1
Neopentyl Glycol Diheptanoate,1
Argania Spinosa Kernel Oil,1
Tocopheryl Succinate,1
Glycine Soja (Soybean) Protein,1
Melia Azadirachta Flower Extract,1
Polyquaternium-51,4
Medicago Sativa (Alfalfa) Seed Powder,1
Hydroxypropyl Methylcellulose,1
Vitis Vinifera (Grape) Seed Extract,1
Isopropyl Palmitate,1
Charcoal Powder,1
Hydrolyzed Soy Protein,1
Diglycerin,2
Hydroxyproline,1
Tridecyl Trimellitate,1
Trimethylsiloxysilicate,1
Saccharomyces Lysate Extract,1
Diethylhexyl Syringylidenemalonate,1
Octisalate 5%,3
CI 77891 (Titanium Dioxide),3
Hordeum Vulgare (Barley) Extract/Extrait D'Orge,1
Moringa Oleifera Seed Oil,1
Potassium Alginate,1
Xylitylglucoside,1
Glutamic Acid,1
Salvia Officinalis (Sage) Oil,1
Houttuynia Cordata Extract,1
Chondrus Crispus (Carrageenan) Extract,1
Lavandula Hybrida Oil,1
Vanillin,1
Diheptyl Succinate,1
Ci 77491,2
Zea Mays (Corn) Starch,1
Bismuth Oxychloride (Ci 77163),1
Bifida Ferment Lysate,1
Polygonum Cuspidatum Root Extract,1
Laminaria Saccharina Extract,1
Castanea Sativa (Chestnut) Seed Extract,1
Polyacrylate-13,2
Isodecyl Neopentanoate,1
Capryloyl Glycerin/Sebacic Acid Copolymer,1
Sorbitan Tristearate,1
Hydrolyzed Algin,1
Ergothioneine,1
Peg-60 Hydrogenated Castor Oil,3
Xanthan gum,1
Hydrogenated Starch Hydrolysate,1
Montmorillonite,2
Vaccinium Myrtillus Fruit Extract,1
Gold,2
Ethylhexyl Methoxycinnamate,5
Squalene,1
PPG-26-Buteth-26,5
Carrageenan,1
Whey Protein/Lactis Protein/Proteine Du Petit-Lait,1
Magnesium Aspartate,1
Sodium Acrylates Copolymer,2
Steareth-2,3
Elaeis Guineensis (Palm) Oil,1
Crithmum Maritimum Extract,1
PVP,1
Biosaccharide Gum-1,1
Lauryl Peg-9 Polydimethylsiloxyethyl Dimethicone,3
Triethylhexanoin,1
Arachidyl Glucoside,2
Cetyl Esters,1
Tasmannia Lanceolata Fruit/Leaf Extract,4
Hydrolyzed Sodium Hyaluronate,1
Ginkgo Biloba Leaf Extract,1
Menthoxypropanediol,1
Hdi/Trimethylol Hexyllactone Crosspolymer,1
Simethicone,3
Cetyl Peg/Ppg-10/1 Dimethicone,3
Ethylene/Acrylic Acid Copolymer,1
Ethyl Linoleate,1
Portulaca Oleracea Extract,1
Ananas Sativus (Pineapple) Fruit Extract,1
Eau),2
Citrus Aurantifolia (Lime) Oil,4
Palmitoyl Hexapeptide-12,1
Vaccinium Macrocarpon (Cranberry) Fruit Extract,1
Blue 1 (Ci 42090),3
Sesamum Indicum (Sesame) Seed Powder,1
Ferulic Acid,4
Passiflora Edulis Seed Oil,1
Avobenzone 3%,2
Palmaria Palmata Extract,1
Aminopropyl Ascorbyl Phosphate,1
Peg/Ppg-14/7 Dimethyl Ether,2
Mandelic Acid,1
Sodium Stearoyl Lactylate,1
Resveratrol,1
Ethylhexyl Hydroxystearate,1
Rosa Canina Fruit Oil,3
Sodium Ascorbyl Phosphate,1
Helianthus Annuus (Sunflower) Seed Wax,1
Citrus Aurantium Dulcis (Orange) Oil,5
Dipalmitoyl Hydroxyproline,1
Agastache Mexicana Flower/Leaf/Stem Extract,1
Rubus Idaeus (Raspberry) Seed Oil,1
Cinnamomum Cassia Bark Extract,3
Ethylhexyl Stearate,1
Potassium Phosphate,1
Hydrolyzed Lupine Protein,1
Prunus Armeniaca (Apricot) Fruit Extract,1
Lauroyl Lysine,1
Escin,2
Potassium Citrate,4
Sucrose Laurate,1
Sodium Cocoyl Isethionate,1
Red 6 (Ci 15850),3
Cocamidopropyl Hydroxysultaine,1
Coccinia Indica Fruit Extract,1
Eucalyptus Clobulus Leaf Oil,2
Iron Oxides (CI 77492),2
Saccharomyces Ferment Filtrate,1
Butyl Methoxydibenzoylmethane,2
Camellia Japonica Seed Oil,1
Mica (CI 77019),3
CI 77499 (Iron Oxides),2
Aloe Barbadensis Extract,3
Methyl Glucose Sesquistearate,1
Methoxyphenyl t-Butylphenyl Propanediol,2
Cetearyl Isononanoate,1
Bakuchiol,1
Camelina Sativa Seed Oil,1
Camellia Oleifera Leaf Extract,1
Phytosteryl/Octyldodecyl Lauroyl Glutamate,1
Cananga Odorata Flower Oil,5
Tetrasodium Edta,2
Malic Acid,6
Ascophyllum Nodosum Extract,1
Lycium Barbarum Fruit Extract,1
Aroma/Flavor,4
Lysine,1
Arachidyl Alcohol,1
Behenic Acid,1
Taurine,1
Tropaeolum Majus Flower/Leaf/Stem Extract,1
Natural Fragrance,8
C12-16 Alcohols,1
Trisiloxane,1
Microcrystalline Wax,1
Lavandula Angustifolia (Lavender) Flower/Leaf/Stem Extract,1
Phytosteryl Canola Glycerides,1
Vaccinium Macrocarpon (Cranberry) Seed Oil,1
Octyldodecyl Neopentanoate,1
Propyl Gallate,1
Phenethyl Alcohol,1
Grape Seed Polyphenols,1
Sodium Bicarbonate,1
Myristic Acid,1
Spilanthes Acmella Flower Extract,1
Soy Isoflavones,1
Sorbitan Sesquioleate,1
Dextrin Palmitate,1
Asparagopsis Armata Extract,1
Tocotrienols,1
Aqua/Water,1
Olea Europaea (Olive) Leaf Extract,1
Red 7 Lake (Ci 15850),3
Trisodium EDTA,1
Sodium Levulinate,1
Olea Europaea (Olive) Fruit Extract,1
Beta-Carotene,2
2-O-Ethyl Ascorbic Acid,1
Sodium Phosphate,2
Dipeptide Diaminobutyroyl Benzylamide Diacetate,1
Copper Tripeptide-1,1
CI 77492,2
Hippophae Rhamnoides Oil,1
Disodium Phosphate,1
Peg/Ppg-18/18 Dimethicone,3
Calendula Officinalis (Calendula) Flower Extract,2
Oryza Sativa (Rice) Bran Oil,2
Algae (Seaweed) Extract,1
Cellulose,1
Hydrolyzed Rice Protein,2
Rubus Idaeus (Raspberry) Leaf Extract,1
Linum Usitatissimum (Linseed) Seed Oil,1
Saccharomyces Ferment Lysate Filtrate,1
Aloe Barbadensis Leaf Water,3
Zingiber Officinale (Ginger) Root Oil,1
Lauryl Glucoside,1
Cetyl Ricinoleate,1
Acetyl Tetrapeptide-5,1
Pantethine,1
Tartaric Acid,4
Zinc PCA,5
Chrysanthemum Parthenium (Feverfew) Extract,1
Palmitoyl Tripeptide-38,1
Tetrahexyldecyl Ascorbate (Vitamin C),1
Potassium Chloride,1
Ci 77891/Titanium Dioxide,3
Tourmaline,1
Vitis Vinifera (Grape) Juice,1
Hibiscus Sabdariffa Flower Extract,1
Glycosyl Trehalose,1
Tocopheryl Acetate (Vitamin E),3
Panthenol (Vitamin B5),1
Gardenia Taitensis Flower Extract,1
Water / Aqua / Eau,3
Alcohol Denat. (SD Alcohol 40-B),3
Natto Gum,7
Pogostemon Cablin Oil,1
Water (Aqua),1
Palmitoyl Grape Seed Extract,1
Cocos Nucifera (Coconut) Fruit Extract,1
Peg-75,3
Medicago Sativa (Alfalfa) Extract,1
Rosa Damascena Flower Extract,3
Sea Whip Extract,3
Lens Esculenta (Lentil) Fruit Extract,1
Solanum Melongena (Eggplant) Fruit Extract,1
Melia Azadirachta Seed Oil,1
Sodium Lauryl Sulfate,3
Phytosteryl/Isostearyl/Cetyl/Stearyl/Behenyl Dimer Dilinoleate,1
Stearyl Behenate,1
Yeast Extract,1
Yeast Amino Acids,1
Calcium Sodium Borosilicate,2
Dimethylacrylamide/Sodium Acryloyldimethyltaurate Crosspolymer,1
Porphyridium Cruentum Extract,1
Pistacia Lentiscus (Mastic) Gum,1
Copper PCA,1
Diphenylsiloxy Phenyl Trimethicone,1
Isopropyl Myristate,1
Diisopropyl Sebacate,1
Glycolipids,1
Isostearyl Neopentanoate,1
Red 28 Lake (Ci 45410),3
Citrus Aurantifolia (Lime) Peel Extract,4
Butylene Glycol Dicaprylate/Dicaprate,1
Talc,2
Musa Sapientum (Banana) Fruit Extract,1
Darutoside,1
Oryzanol,1
Peg-40 Hydrogenated Castor Oil,3
Carica Papaya (Papaya) Fruit Extract,1
Cladosiphon Okamuranus Extract,1
Sodium Dilauramidoglutamide Lysine,1
Polyglyceryl-4 Caprate,1
Polyester-8,1
Vitis Vinifera (Grape) Fruit Water,1
Sodium Lauroyl Glutamate,1
Bis-Behenyl/Isostearyl/Phytosteryl Dimer Dilinoleyl Dimer Dilinoleate,1
Theobroma Cacao (Cocoa) Extract,1
Lanolin,1
Illite,3
Myristyl Alcohol,1
Crataegus Monogyna Flower Extract,1
Fragaria Chiloensis (Strawberry) Fruit Extract,1
Red 6 (CI 15850),3
Red 7 Lake (CI 15850),3
Behentrimonium Chloride,4
Triolein,1
Ci 77491 (Iron Oxides),2
Polyglyceryl-3 Polyricinoleate,1
Batyl Alcohol,1
Dicaprylyl Ether,1
Salicornia Herbacea Extract,1
Barium Sulfate,2
Cucumber Extract,1
Silica Silylate,3
Yellow 5 Lake (CI 19140),6
Phyllanthus Emblica Fruit Extract,1
Phosphatidylcholine,1
Fucus Vesiculosus Extract,1
Nordihydroguaiaretic Acid,1
Nepeta Cataria Extract,1
Terminalia Ferdinandiana Fruit Extract,1
Phytosteryl Macadamiate,1
Adansonia Digitata Seed Oil,1
Sapindus Mukorossi Fruit Extract,1
Red 30 Lake (Ci 73360),3
Octinoxate 7.5,5
Hydro Ionized Mineral Water,1
Sodium Carboxymethyl Beta-Glucan,2
Lauric Acid,1
C14-22 Alcohols,1
Nelumbo Nucifera Flower Extract,1
Superoxide Dismutase,1
Hippophae Rhamnoides Extract,1
Antioxidants,1
Euphrasia Officinalis Extract,1
Isostearyl Isostearate,1
Prunus Domestica Seed Oil,1
Rosa Damascena Extract,3
Sorbitan Laurate,3
Sodium Rna,1
Rosa Multiflora Fruit Extract,3
Polyglyceryl-4 Isostearate,1
Cannabis Sativa Seed Oil,2
Ammonium Glycyrrhizate,1
Maltose,1
Water/Aqua/Eau (Aqua),3
Coco-Betaine,5
Potassium Sulfate,2
Yellow 6 Lake (CI 15985),7
Caprylyl Caprylate/Caprate,1
Farnesol,4
Glycine Soja (Soybean) Sterols,1
Watermelon Extract,1
Lycium Chinense Fruit Extract,1
Glucosyl Hesperidin,1
Glyceryl Undecylenate,1
Yellow 6 Lake (Ci 15985),7
Jasminum Officinale (Jasmine) Flower Extract,4
Aqua (Water/Eau),3
Polyglyceryl-10 Stearate,1
Thermus Thermophillus Ferment,1
Palmitoyl Pentapeptide-4,1
Glyceryl Behenate/Eicosadioate,1
Iron Oxides (Ci 77492,2
Calcium Stearate,1
Achillea Millefolium Extract,2
Mentha Viridis (Spearmint) Leaf Oil,1
Macrocystis Pyrifera (Kelp) Extract,1
Avobenzone 3,2
Aloe Barbadensis Flower Extract,3
Yellow 6 (Ci 15985),7
Ceresin,2
Sodium Saccharin,1
+/- Mica,2
Baptisia Tinctoria Root Extract,1
Aristotelia Chilensis (Maqui) Fruit Extract,1
Aroma,8
Diamond Powder,3
Oleic/Linoleic/Linolenic Polyglycerides,1
Di-C12-15 Alkyl Fumarate,1
Pantolactone,1
Dunaliella Salina Extract,1
Olive Oil Glycereth-8 Esters,1
Glycol Distearate,1
Rose Extract,1
Neem Seed Oi,4
Rubus Chamaemorus Seed Extract,1
Pantothenic Acid,1
Eucalyptus Globulus Leaf Extract,1
Oleanolic Acid,1
Ethylbisiminomethylguaiacol Manganese Chloride,1
Rhodiola Rosea Root Extract,1
Peg-240/Hdi Copolymer Bis-Decyltetradeceth-20 Ether,3
Blue 1 (CI 42090),3
Flavor/Aroma,4
Dicalcium Phosphate,2
Gelidiella Acerosa Extract,1
Water (Aqua,1
Folic Acid,1
Benzophenone-4,4
Ectoin,1
Flavor (Aroma),4
Gellidiela Acerosa (Algae) Extract,1
Hexyl Laurate,1
Aminobutyric Acid,1
Octyldodecyl Stearoyl Stearate,1
Eclipta Prostrata Extract,1
Honey,1
Angelica Acutiloba Root Extract,1
Beta-glucan,1
Ammonium Acryloyldimethyltaurate/Beheneth-25 Methacrylate Crosspolymer,3
Simmondsia Chinensis (Jojoba) Butter,1
Betula Alba (Birch) Extract,2
Fragrance (Natural),8
Ascorbyl Tocopheryl Maleate,1
Hordeum Vulgare (Barley) Extract\Extrait D'Orge,1
Saccharum Officinarum (Sugarcane) Extract,1
Perfluorodecalin,4
Lauryl PEG-9 Polydimethylsiloxyethyl Dimethicone,3
Cetyl Phosphate,1
Sucrose Stearate,1
Ceramide Np,1
CI 77891/Titanium Dioxide,3
Lactococcus Ferment Lysate,1
Citrus Unshiu Peel Extract,3
Collagen Amino Acids,1
Pseudoalteromonas Ferment Extract,1
Mineral Oil(Paraffinum Liquidum/Huile Minerale),3
Lactobacillus/Pumpkin Ferment Extract,1
Squalane Olive,1
Citrullus Lanatus (Watermelon) Seed Oil,1
Commiphora Mukul Resin Extract,1
Menthyl Lactate,3
Micrococcus Lysate,1
Ppg-15 Stearyl Ether,3
Copernicia Cerifera (Carnauba) Wax,1
Tocopheryl Acetate (Vitamin E Acetate),3
Iron Oxides (CI 77491,2
Stearyl Glycyrrhetinate,1
Polyglyceryl-3 Diisostearate,1
Punica Granatum Extract,1
Polyglyceryl-3 Beeswax,1
Caesalpinia Spinosa Fruit Extract,1
Jasminum Officinale (Jasmine) Flower/Leaf Extract,1
Magnolia Officinalis Bark Extract,1
Quartz,5
Hydrolyzed Rice Extract,3
Propylparaben,9
Polyquaternium-7,4
Lauryl Lactate,1
T-Butyl Alcohol,4
Cholesteryl Nonanoate,1
Caprylyl/Capryl Glucoside,1
Galactomyces Ferment Filtrate,1
Sodium Benzotriazolyl Butylphenol Sulfonate,1
Lauryl Pca,1
Morus Bombycis (Mulberry) Root Extract,1
Moringa Oleifera Leaf Extract,1
Tapioca Starch,1
Propylene Glycol Dicaprylate/Dicaprate,1
Physalis Angulata Extract,1
Camellia Sinensis Seed Oil,1
Cyclomethicone,6
Poria Cocos Sclerotium Extract,1
Caprylyl Methicone,1
CI 17200 (Red 33),3
Medicago Sativa (Alfalfa) Seed Extract,1
Stearalkonium Hectorite,1
Peg-6,3
Glyceryl Stearyl Citrate,1
Hydrogenated Palm Glycerides,1
Polyglyceryl-10 Dioleate,1
Peg-12 Dimethicone,3
PEG-12 Dimethicone,3
sh-Polypeptide-1,1
Isopropyl Titanium Triisostearate,1
Alchemilla Vulgaris Leaf Extract,1
Glycine Soja (Soybean) Extract,1
Carmine (Ci 75470),1
PEG-7 Glyceryl Cocoate,4
Salvia Sclarea (Clary) Extract,1
PEG-8,3
Leontopodium Alpinum Extract,1
Paraffin,3
Ceratonia Siliqua (Carob) Gum,1
Ceteareth-12,3
sh-Polypeptide-9,1
Levulinic Acid,1
Althaea Officinalis Root Extract,1
Laureth-4,3
Ethylhexyl Salicylate,3
Alpha-Arbutin,1
Chondrus Crispus (Carrageenan),1
Cholesteryl Chloride,1
Lauryl Laurate,3
Lycium Barbarum (Goji) Extract,1
Salix Nigra (Willow) Bark Extract,1
Cera Microcristallina (Microcrystalline Wax),1
Royal Jelly Extract,1
Ammonium Polyacryloyldimethyl Taurate,1
Stevia Rebaudiana Extract,1
Euterpe Oleracea (Acai) Fruit Extract,1
Euphorbia Cerifera (Candelilla) Wax,1
Amyris Balsamifera Bark Oil,1
Salvia Sclarea (Clary) Oil,1
Sambucus Nigra Fruit Extract,1
Cera Alba (Beeswax),1
Stellaria Media (Chickweed) Extract,1
Santalum Album (Sandalwood) Extract,1
Rosmarinus Officinalis (Rosemary) Extract,1
Paeonia Suffruticosa (Peony) Root Extract,1
Ethylparaben,4
Erythritol,1
Hydrogenated Olive Oil,1
Poloxamer 338,2
Hibiscus Esculentus Fruit Extract,1
Riboflavin (Vitamin B2),1
Beheneth-20,7
Siegesbeckia Orientalis Extract,1
Trimethylolpropane Triisostearate,1
Silanetriol,1
Punica Granatum Seed Oil,1
Vitamin C (THD Ascorbate),1
Vitamin B5,1
CI 77492 (Iron Oxides),2
Aloe,3
Hydroxypropyl Tetrahydropyrantriol,1
Sodium Lauroyl Sarcosinate,3
Dimethicone / Vinyl Dimethicone Crosspolymer,1
sh-Oligopeptide-1,1
Viola Tricolor Extract,1
Inositol (Rice Extract),1
CI 19140 (Yellow 5),6
sh-Oligopeptide-2,1
Hydrolyzed Wheat Protein,2
Biosaccharide Gum-2,1
Phytantriol,2
C9-12 Alkane,2
C13-15 Alkane,1
Sodium Cocoyl Glutamate,1
Undaria Pinnatifida Extract,1
Hydrated Silica,2
Morus Alba Fruit Extract,1
Phenoxyethanol. *Hadasei-3,4
Acrylates/Steareth-20 Methacrylate Copolymer,2
Methylglucoside Phosphate,1
Sodium Methyl Cocoyl Taurate,1
Oryza Sativa (Rice) Extract,2
Canadian Colloidal Clay,1
Peg-7 Glyceryl Cocoate,4
Opuntia Tuna (Prickly Pear) Extract,1
Methionine,1
Iris Florentina Root Extract,1
Enantia Chlorantha Bark Extract,1
Iron Oxides (CI 77499),2
Sodium Polyaspartate,1
Meadowfoam Seed Oil,1
Hydrolyzed Yeast Protein,2
Mentha Arvensis (Cornmint) Oil,1
Isodonis Japonicus Leaf/Stalk Extract,1
Glycine Soja (Soybean) Sprout Extract,1
Octoxynol-9,2
Octocrylene 10%,3
Plantago Lanceolata Leaf Extract,1
Quercetin,1
Leucine,1
Laureth-23,3
Panax Ginseng (Ginseng) Root Extract,1
Lactobacillus/Punica Granatum Fruit Ferment Extract,1
Moringa Oil/Hydrogenated Moringa Oil Esters,1
Papaya Enzymes,1
Humulus Lupulus (Hops) Extract,1
Perfluorohexane,4
Gellan Gum,4
Glycosaminoglycans,1
Mangifera Indica (Mango) Fruit Extract,1
Hydrogen Dimethicone,1
Granactive Retinoid,9
Myrciaria Dubia Fruit Extract,1
Isopropyl Alcohol,2
Polyglyceryl-6 Distearate,1
Madecassoside,1
Prunus Speciosa Leaf Extract,1
Pure White Petrolatum (Surgical Grade),4
PPG-1-PEG-9 Lauryl Glycol Ether,3
PPG-5-Ceteth-20,1
Polyglyceryl-10 Pentastearate,1
Jojoba Alcohol,1
Jojoba Seed Oil,1
Patented Alguronic Acid,1
Jojoba Wax Peg-120 Esters,3
Pueraria Lobata Root Extract,1
Glyceryl Distearate,1
Oleth-10,3
Ppg-5-Ceteth-20,1
Ppg-3 Dipivalate,1
Juniperus Mexicana Oil,1
Oryza Sativa (Rice) Powder,2
Acetic Acid,1
Oleth-20,3
PEG-10 Dimethicone,3
Pentaerythrityl Tetrabehenate/Benzoate/Ethylhexanoate,1
Acacia Decurrens Flower Wax,1
Glyceryl Behenate,1
Lysolecithin,1
Opuntia Ficus-Indica Extract,1
Hexyldecanol,1
Hydroxypropyl Bispalmitamide MEA,1
Magnolia Kobus Bark Extract,1
PEG 100 Stearate,3
Hydroxyethylpiperazine Ethane Sulfonic Acid,1
2-Dimethylhydrocinnamal,1
Malva Sylvestris (Mallow) Extract,1
Ziziphus Jujuba Fruit Extract,1
Vegetable Collagen,1
Sea Salt\Maris Sal\Sel Marin,1
Dilinoleic Acid/Propanediol Copolymer,1
Silybum Marianum Fruit Extract,1
Spirulina Maxima Extract,1
Triticum Vulgare (Wheat Bran) Extract,1
CI 42090 (FD&C Blue No.1),3
Epilobium Fleischeri Extract,1
Artemisia Princeps Leaf Extract,1
Citrus Sinensis (Orange) Fruit Extract,4
Artemia Extract,1
Bis-PEG-18 Methyl Ether Dimethyl Silane,3
Acrylamide/Sodium Acryloyldimethyltaurate Copolymer,2
Ethyl 2,4
Citrus Aurantium Dulcis (Orange)Peel Oil,5
CI 42090 (Blue 1),3
Citrus Paradisi (Grapefruit) Peel Oil,1
CI 19140 (FD&C Yellow No.5),6
Arginine/Lysine Polypeptide,1
Sd Alcohol 40-B (Alcohol Denat.),3
CI 16035 (FD&C Red No.40),6
Thioctic Acid,2
Ethylene / Propylene / Styrene Copolymer,1
Sclerocarya Birrea (Marula) Seed Oil,1
Cymbopogon Citratus Leaf Oil,1
C15-19 Alkane,1
Coceth-7,4
Tris (Tetramethylhydroxypiperidinol) Citrate,1
Aura Radiance Power,5
Dimer Dilinoleyl Dimer Dilinoleate,1
Algae Exopolysaccharides,1
Sodium Polyacrylate Starch,1
Shea Extract of Natural Origin,1
Vitis Vinifera (Grape) Juice Extract,1
Camellia Sinensis Leaf Powder,2
Copper Lysinate/Prolinate,4
Tremella Fuciformis Sporocarp Extract,1
Diospyros Kaki Leaf Extract,1
Sodium hyaluronate,1
Disodium Cocoamphodiacetate,1
Dimethyl MEA,6
Triethylene Glycol,4
Cannabis Sativa (Hemp) Seed Oil,2
Echinacea Purpurea Root Extract,1
Triethylene Glycol. *Organic,4
Calcium Carbonate,1
Trifolium Pratense (Clover) Flower Extract,1
Dimethicone/Peg-10/15 Crosspolymer,3
Triisodecyl Trimellitate,1
Echium Plantagineum Seed Oil,1
Caprylic /Capric Triglyceride,1
CI 77499),2
Biosaccharide Gum-4,1
Centella Asiatica Leaf Extract,1
Sodium Polyglutamate,1
Cera Alba/Beeswax,1
Dextran,3
Butylene / Ethylene / Styrene Copolymer,1
Tasmannia Lanceolata Fruit/leaf Extract,4
Tasmanian Pepperberry,4
Snail Secretion Filtrate,1
Uji Green Tea Extract,1
Alpha-isomethyl Ionone,5
Ceramide NG,1
Alteromonas Ferment Extract,1
Angelica Keiskei Leaf/Stem Extract,1
Ci 77492),2
Bupleurum Falcatum Root Extract,1
Chrysanthemum Indicum Flower Extract,1
Aluminum Starch Octenylsuccinate,2
Ammonium Acryloyldimethyltaurate / VP Copolymer,1
C12-20 Alkyl Glucoside,1
Sunflower Seed Oil,1
Diatomaceous Earth,2
Galactoarabinan,1
Citrullus Vulgaris (Watermelon) Fruit Extract,1
Cholesteryl Oleyl Carbonate,1
Chestnut Extract,1
Anthemis Nobilis Flower Water,2
Anthemis Nobilis Flower Extract,2
Blue 1 Lake (CI 42090),3
Ceramide NS,1
Eugenia Caryophyllus (Clove) Flower Extract,4
Chamomilla Recutita (Matricaria) Flower Oil,2
Cynara Scolymus (Artichoke) Leaf Extract,1
Sanguisorba Officinalis Root Extract,1
Anthemis Nobilis (Chamomile) Flower Extract,2
Chamomilla Recutita (Matricaria) Extract,2
Butyrospermum Parkii (Shea)Butter,1
Menthol,1
Red 27 (Ci 45410),3
Hydrogenated Palm Kernel Glycerides,1
Cucumber,1
Punica Granatum Sterols,1
Moringa Oleifera Seed Extract,1
Hydrogenated Soybean Oil,1
Phytosteryl Isostearyl Dimer Dilinoleate,1
Punica Granatum (Pomegranate) Fruit Juice,1
Tyrosine,1
Hydrolyzed Rice Bran Extract,3
Actinidia Chinensis (Kiwi) Fruit Extract,1
Sodium Cocoamphoacetate,1
Cysteine,1
Raspberry Seed Oil,1
Tripeptide-32,1
Red 22 Lake (Ci 45380),5
Moringa Pterygosperma Seed Extract,1
Triisostearyl Citrate,1
Hydrogenated Vegetable Glycerides,1
Triisostearin,1
C10-30 Cholesterol/Lanosterol Esters,1
Caesalpinia Spinosa Gum,1
Pinus Sylvestris Leaf Oil,2
Gallyl Glucoside,1
Sorbitan Palmitate,1
Iodopropynyl Butylcarbamate,5
Steareth-10,3
Centaurium Erythraea (Centaury) Extract,1
Centella Asiatica (Hydrocotyl) Extract,1
Lonicera Japonica (Honeysuckle) Flower Extract,1
Polyglyceryl-6 Caprylate,1
Citrullus Lanatus (Watermelon) Fruit,1
Lactobacillus,1
Lonicera Caprifolium (Honeysuckle) Flower Extract,1
Styrene/Acrylates Copolymer,2
Ceratonia Siliqua Gum,1
Ceteareth-25,3
Agave Tequilana Leaf Extract,1
Succinoglycan,1
Ceteth-20,3
Cinnamal,3
Cetyl PEG/PPG-10/1 Dimethicone,3
Potassium Azeloyl Diglycinate,1
Laminaria Japonica Extract,1
Polyquaternium-10,1
sh-Polypeptide-22,1
Tamarindus Indica Seed Gum,1
Sugarcane-Derived Squalane,1
Agar,4
Lapsana Communis Flower/Leaf/Stem Extract,1
Populus Tremuloides Bark Extract,1
Polysilicone-2,1
Polyglyceryl-2 Sesquicaprylate,1
Polyglyceryl-2 Caprate,1
Melissa Officinalis Leaf Oil,4
Polyglyceryl-10 Pentaisostearate,1
Camellia Oleifera Seed Oil,1
Tremella Fuciformis (Mushroom) Extract,1
Collagen (Vegan),1
Maxi-Lip™,2
Prunus Persica (Peach) Fruit Extract,1
Isocetyl Stearate,1
Cocos Nucifera (Coconut) Water,1
Tocopheryl (Vitamin E) Acetate,3
Sophora Angustifolia Root Extract,1
Cocos Nucifera (Coconut) Fruit Juice,1
Isomalt,5
Prunus Armeniaca (Apricot) Seed Powder,1
Sorbitan Caprylate,1
Sodium Anisate,1
Tocopherol (Vitamin E),1
Maltooligosyl Glucoside,1
Caprylic/Capric Triglycerides,1
Propylene Glycol Stearate,1
Capryloyl Glycine,1
Spiraea Ulmaria (Meadowsweet) Extract,1
Spiraea Ulmaria Flower Extract,1
Capryloyl Salicylic Acid,1
Polyglyceryl 3 Beeswax,1
Squalane (Olive Origin),1
Citrus Reticulata (Tangerine) Peel Extract,3
Carthamus Tinctorius (Safflower) Oleosomes,1
VP/Eicosene Copolymer,1
C 18-38 Alkyl Hydroxystearol Stearate,1
Salvia Officinalis (Sage) Leaf Extract,1
Helianthus Annuus Seed Oil/Sunflower Seed Oil,1
Hedera Helix (Ivy) Extract,1
Aqua (Water,1
Disodium Acetyl Glucosamine Phosphate,4
Glyceryl Oleate,1
Helianthus Annuus (Sunflower) Seed Extract,1
PEG-800,3
Oleyl Alcohol,1
Peat,5
Helianthus Annuus Seed Oil,1
PHA,1
Beeswax (Cera Alba),1
Ophiopogon Japonicus Root Extract,1
Olea Europaea (Olive) Oil,1
Belamcanda Chinensis Root Extract,1
Pentaerythrityl Tetra-di-t-butyl Hydroxyhydrocinnamate,1
Vitamin B3,1
Glyceryl Acrylate/Acrylic Acid Copolymer,1
Vitamin A,1
Pentapeptide-18,1
Beta-Sitosterol,1
Octocrylene,3
Acetyl Dipeptide-1 Cetyl Ester,1
Arbutin,6
Achillea Millefolium Flower Extract,1
Dimethicone/Bis-Isobutyl PPG-20 Crosspolymer,1
Sericin,2
Rose Flower Oil,4
Glycine Soja Oil/Soybean Oil,1
Glycyrrhiza Uralensis (Licorice) Root Extract,4
Osmanthus Fragrans Flower Extract,1
Ascophyllum Nodosum Powder,1
Asiaticoside,1
Enteromorpha Compressa Extract,1
Avena Sativa (Oat) Bran Extract,1
Avena Sativa (Oat) Kernel Flour,1
Oryza Sativa (Rice) Bran,2
Sericin (Silk Extract),1
PEG-40 Stearate,3
Origanum Majorana Leaf Extract,1
Peg-9 Polydimethylsiloxyethyl Dimethicone,3
Orchid Extract,1
HDI/Trimethylol Hexyllactone Crosspolymer,1
Hydrogenated Olive Oil Unsaponifiables,1
Orbignya Oleifera Seed Oil,1
Ethylhexyl Isononanoate,1
Rosa Canina Seed Oil,3
Opuntia Coccinellifera Fruit Extract,1
Hexylresorcinol,4
Essential Oil,3
Paeonia Albiflora Root Extract,1
Parfum,8
Palmitoyl Dipeptide-5 Diaminobutyroyl Hydroxythreonine,1
Honey Extract,1
Ginseng Extract,1
Hordeum Vulgare (Barley) Extract,1
Ocimum Basilicum (Basil) Flower/Leaf Extract,1
Palmitoyl Grapevine Shoot Extract,1
Diethoxyethyl Succinate,1
Niacinamide (Vitamin B3),1
Boswellia Serrata Extract,1
Persea Gratissima Oil/Avocado Oil,1
Parachlorella Beijerinckii Exopolysaccharides,1
Silybum Marianum Seed Extract,1
Brassica Campestris (Rapeseed) Sterols,1
Red 33 Lake (Ci 17200),3
Althaea Officinalis Leaf Extract,1
Red 33 (Ci 17200),3
Petrolatum 40.2,4
Fraxinus Excelsior Bark Extract,1
Alpha-Glucan Oligosaccharide,1
Hydrogenated Ethylhexyl Olivate,1
Garcinia Mangostana Peel Extract,1
Aloe Vera,3
Parfum* (Fragrance),8
Perilla Ocymoides Leaf Extract,1
Homosalate 8%,4
Silybum Marianum (Lady'S Thistle) Extract,1
Ferula Galbaniflua (Galbanum) Resin Oil,1
Ficus Carica (Fig) Fruit Extract,1
Acetylarginyltryptophyl Diphenylglycine,1
Aniba Rosaeodora (Rosewood) Wood Extract,1
Glucosamine HCL,1
Siloxanetriol Alginate,1
Homosalate 10%,4
Ximenia Americana Seed Oil,1
Alpha Arbutin,1
PEG-32,3
Thiamine Hcl,1
PEG-150,3
Tamarindus Indica Seed Extract,1
Zinc Pca,5
Peg-150 Distearate,3
Zinc Stearate,2
Centaurea Cyanus Flower Extract,1
Carthamus Tinctorius (Safflower) Seed Extract,1
Paeonia Lactiflora Root Extract,1
Lauryl Polyglyceryl-3 Polydimethylsiloxyethyl Dimethicone,1
Thymus Serpillum Extract,1
(SD Alcohol 40-B),3
Argania Spinosa (Argan) Kernel Oil,1
Polygonum Fagopyrum Seed Extract,1
PEG-10 Rapeseed Sterol,3
Anisyl Alcohol,4
Theobroma Grandiflorum (Cupuaçu) Seed Butter,1
Lilium Candidum Bulb Extract,1
Argan Oil,1
Lavender Oil,2
PITERA™,2
Yellow 5 (CI 19140),6
Tetrapeptide-21,1
PEG-6 Caprylic/Capric Glycerides,3
Litchi Chinensis Seed Extract,1
Leucidal (Radish Root Ferment),1
Passiflora Edulis Fruit Extract,1
Amylopectin,2
Macadamia Integrifolia Seed Oil,1
Polyglyceryl-3 Laurate,1
Leontopodium Alpinum Callus Culture Extract,1
PPG-12/SMDI Copolymer,1
Arnica Montana (Arnica) Extract,2
Acacia Seyal Gum Extract,1
Lavandula Angustifolia Oil/Lavender Oil,2
PEG/PPG-17/6 Copolymer,3
Paullinia Cupana Seed Extract,1
Alguronic Acid,1
Avena Sativa (Oat) Kernel Oil,1
Magnesium Stearate,1
CI 77491,2
Vegetable Oil,2
CI 19140 (Yellow 5 Lake),6
Vetiveria Zizanoides Root Oil,2
Microcrystalline Wax(Cera Microcristallina/Cire Microcristalline),1
Octisalate 5,3
Tripleurospermum Maritimum Extract,1
Morinda Citrifolia (Noni) Fruit Extract,1
CI 77491 (Iron Oxides),2
CI 77491/Iron Oxides,2
Mica (Ci 77019),3
Tripeptide-1,1
Peppermint Oil,4
Octisalate 5.00%,3
Momordica Grosvenorii Fruit Extract,1
Phyllostachis Bambusoides Juice,1
Violet 2 (Ci 60730),6
Synthetic Beeswax,1
Butyrospermum Parkii (Shea Butter) Extract,1
Nannochloropsis Oculata Extract,1
Butyrospermum Parkii (Shea) Butter Extract,1
Vaccinium Myrtillus Fruit/Leaf Extract,1
Morus Nigra (Mulberry) Root Extract,1
Butyrospermum Parkii Butter/Shea Butter,1
Bromelain,2
Borago Officinalis (Borage) Leaf Extract,1
Morus Alba Bark Extract,1
Brassica Oleracea Italica (Broccoli) Extract,1
Phenylpropanol,1
Brassica Campestris/Aleurites Fordi Oil Copolymer,1
Niacin (B Vitamin),1
2- Hexanediol,1
Methyl Dihydroabietate,1
Pentafluoropropane,4
PCA Dimethicone,6
Alcaligenes Polysaccharides,1
Volcanic Sand,1
Poloxamer 407,2
Tocopheryl Acetate (Vitmain E Acetate),3
Caprooyl Sphingosine,1
Peg-8 Laurate,4
Malva Sylvestris (Mallow) Flower Extract,1
Polydextrose,1
Polyester-7,1
Aloe Barbadensis (Aloe) Leaf Juice,3
Artemisia Vulgaris Extract,1
Carnitine Hcl,1
Carnosine,3
Candelilla Wax Esters,1
Camellia Sinensis Leaf Water,1
Calcium Lactate,2
Melissa Officinalis Leaf Extract,2
Beta Carotene,2
Tridecyl Stearate,1
Menyanthes Trifoliata Leaf Extract,1
Pitera™,2
Tribehenin Peg-20 Esters,1
Vitamin F,1
Camellia Japonica Leaf Extract,1
Olivine Extract,1
d-limonene,5
Mel Extract (Honey Extract),2
Azelaic Acid,1
Tremella Fuciformis Polysaccharide,1
Plukenetia Volubilis Seed Oil,1
Olive Squalane,1
Chitosan,1
Polysorbate 40,3
Sodium Cocoyl Glycinate,3
Cupressus Sempervirens Leaf/Nut/Stem Oil,2
Sodium Dextran Sulfate,1
Cyclotetrasiloxane,8
Hydrolyzed Sclerotium Gum,1
Symphytum Officinale Leaf Extract,4
Hydrolyzed Corn Starch,1
DMAE,3
Decarboxy Carnosine Hcl,1
Sodium C14-16 Olefin Sulfonate,2
Hydrogenated Polycyclopentadiene,1
Acrylates/Carbamate Copolymer,2
Decyl Oleate,1
Red 28 Lake (CI 45410),3
Decylene Glycol,1
Sodium Acrylate/Acryloyldimethyltaurate/Dimethylacrylamide Crosspolymer,1
Dehydroxanthan Gum,1
Hydrogenated Castor Oil Isostearate,1
Hydrogenated Castor Oil Dimer Dilinoleate,1
Denatonium Benzoate,1
Simmondsia Chinesis (Jojoba) Seed Oil,1
Red 7 (Ci 15850),6
Sodium Glycolate,1
Sodium Lauroyl Methyl Isethionate,1
Cocoglycerides,1
Pyridoxine Dipalmitate,1
Coconut Acid,1
Coconut Water,5
Sorbic Acid. *PITERA™,2
Soluble Collagen,1
Codium Tomentosum Extract,1
Coix Lacryma-Jobi Ma-Yuen Seed Extract,1
Colloidal Gold,2
Sodium Potassium Aluminum Silicate,2
Iris Pallida Root Extract,1
Cotton Seed Oil,3
Crambe Abyssinica Seed Oil,1
Imperata Cylindrica Root Extract,1
Creatine,1
Cucumis Melo (Melon) Fruit Extract,1
Hydroxystearic/Linolenic/Oleic Polyglycerides,1
Hydroxystearic Acid,1
Cucumis Melo Cantalupensis Fruit Extract,1
Cucumis Sativus (Cucumber) Seed Oil,1
Sodium Lauryl Sulfoacetate,1
Hydroxypropyl Bispalmitamide Mea,1
Pvp,1
Simmondsia Chinensis Seed Oil,1
Simmondsia Chinensis Oil/Jojoba Seed Oil,1
Homosalate,4
Retinyl Acetate,9
Rosewater,1
Eugenia Caryophyllus (Clove) Bud Oil,4
Sapindus Mukorossi Peel Extract,1
Santalum Album (Sandalwood) Oil,1
Sanicula Europaea Extract,1
Acetyl Octapeptide-3,1
Euterpe Oleracea (Açaí/Açaï) Fruit Oil,1
Euterpe Oleracea Fruit Extract,1
Euterpe Oleracea Fruit Oil,1
Fragaria Ananassa (Strawberry) Seed Extract,1
Gluconic Acid,1
Ruby Powder,4
Saccharomyces/Xylinum/Black Tea Ferment,1
Ruscus Aculeatus Root Extract,1
Gentiana Lutea (Gentian) Root Extract,1
Gellidiella Acerosa Extract,1
Gelidium Cartilagineum Extract,1
Fructooligosaccharides,1
Gardenia Tahitensis Flower Extract,1
Ganoderma Lucidum (Reishi Mushroom) Extract,1
Sargassum Pacificum Thallus Extract,1
Schinziophyton Rautanenii Kernel Oil,1
Sclareolide,1
Hedychium Coronarium Root Extract,1
Dimethicone/Phenyl Vinyl Dimethicone Crosspolymer,1
Hesperidin,1
Heptyl Undecylenate,1
Heptapeptide-15 Palmitate,1
Helichrysum Italicum Flower Oil,1
Helichrysum Arenarium (Everlasting) Extract,1
Riboflavin,1
Dipentaerythrityl Hexahydroxystearate,1
Dipotassium Phosphate,1
Disodium Lauryl Sulfosuccinate,2
Ethylcellulose,1
Dodecane,1
Grape Water,4
Epigallocatechin Gallate,2
Epigallocatechin Gallatyl Glucoside,2
Equisetum Arvense Leaf Extract,1
Glycosphingolipids,1
Sea Salt,3
Ethyl Ferulate,1
Isopropyl Jojobate,1
Sd Alcohol 40-B,3
Portulaca Pilosa Extract,1
Citrus Limon (Lemon) Peel Extract,6
Potassium Stearate,1
Potassium Sorbate. *Exfoliant,2
Cocamidopropyl Dimethylamine,1
Sucrose Polystearate,1
Chrysanthellum Indicum Extract,1
Lanolin Alcohol,2
Ci 77499/Iron Oxides,2
Sugar,1
Ppg-26-Buteth-26,5
Chromium Oxide Greens,5
Citrus Junos Seed Extract,1
Cinnamomum Cassia Leaf Oil,3
Potassium Laurate,1
Kigelia Africana Fruit Extract,1
Styrax Benzoin Gum,1
L-Ascorbic Acid,1
Stearalkonium Bentonite,1
Japanese Wild Rose,3
Symphytum Officinale (Comfrey) Leaf Extract,4
Coco-Caprylate,2
Juglans Regia (Walnut) Shell Powder,1
Ci 77499 (Iron Oxides),2
Laminaria Ochroleuca Extract,1
Citrus Grandis (Grapefruit) Seed Extract,4
Avobenzone 3.0%,3
Opuntia Tuna Fruit Extract,1
Avobenzone 3.00%,6
Orange Flower Water,5
Hamamelis Virginiana (Witch Hazel),1
Cocoa Butter,5
Haberlea Rhodopensis Leaf Extract,1
Gylcerin,2
Oryza Sativa (Rice) Starch,2
Ascorbic Acid (Vitamin C),1
Asiatic Acid,1
Oryza Sativa (Rice) Germ Oil,2
Grape Juice 2%,1
Astragalus Membranaceus Root Extract,1
At Jack Black,2
Agave Nectar,1
Grape Water 98%,1
Greek Yoghurt,1
Leuconostoc/radish Root Ferment Filtrate,1
Eclipta Prostrata Leaf Extract,1
Green 5 (Ci 61570),3
Green Tea,2
Guaraná,1
Organic Grape Water,1
Helianthus Annuss (Sunflower) Seed Oil,1
Echinacea Angustifolia Extract,1
Betula Alba (Birch) Bark Extract,2
Oenothera Biennis Oil/Evening Primrose Oil,1
Hexapeptide-11,1
Dimethyl Capramide,4
Lactobacillus Ferment Lysate,1
Hexyl Nicotinate,1
Betaine Salicylate,1
100 Percent Natural Fragrance,8
Ceramide Ng,1
Bha,4
Bidens Pilosa Extract,1
Longoza Flower,1
Dimethicone/PEG-10/15 Crosspolymer,3
Dimethicone Crosspolymer-3,1
Acrylates/C10-30 Alykyl Acrylate Crosspolymer,1
Beta Glucan,1
Benzaldehyde,1
Opuntia Ficus-Indica (Cactus) Extract,1
Bamboo Charcoal,1
Lactobacillus/Soybean Ferment Extract,1
Cetl Alcohol,1
Cinnamic Acid,5
Leuconostoc/ Radish Root Ferment Filtrate,1
Acetyl Glutamine,1
Açaí,1
Bambusa Arundinacea (Bamboo) Stem Extract,1
Lactobacillus/Pumpkin Fruit Ferment Filtrate,1
Cetearyl Olivate (Derived from Olive),1
Beeswax/Cera Alba/Cire D Abeille,1
Helichrysum Italicum Extract,1
Linalool. *Plant Origin,3
Hemp-Derived Cannabis Seed Oil,2
Aframomum Angustifolium Seed Extract,1
Oryza Sativa Bran Oil/Rice Bran Oil,2
Cetyl Dimethicone,3
Leuconostoc Ferment Filtrate,1
Palmitoyl Carnitine,1
Anastatica Hierochuntica Extract,1
Angelica Archangelica Root Extract,2
Chamomilla Recutita (Chamomile) Flower Extract,2
Acetyl Tyrosine,1
Angelica Keiskei Extract,1
Chamomile,2
Gossypium Herbaceum (Cotton) Seed Oil,1
Fragaria Vesca (Strawberry) Fruit Extract,1
Cetylhydroxyproline Palmitamide,1
Angelica Leaf Extract,1
Exclusive Active Vegan Collagen™,1
Aniba Rosaeodora (Rosewood) Wood Oi,1
Padina Pavonica Thallus Extract,1
Chromium Oxide Greens (Ci 77288),5
Fragrance+,8
Amodimethicone,1
Amino Acids,1
Amaranthus Caudatus Seed Extract,1
Lauryl Betaine,3
Lauryl Dimethicone,3
Aluminium Hydroxide,1
Frankincense,1
Pan-Thenol,1
From essential oils,2
Lava Powder,2
Gardenia Tahitensis Flower,1
Gardenia Florida Fruit Extract,1
PVM/MA Decadiene Crosspolymer,1
Aniba Rosaeodora (Rosewood) Wood Oil,1
PPG-51/Smdi Copolymer,4
Lady's Mantle,1
Epilobium Angustifolium Flower\Leaf\Stem Extract,1
Oxidized Glutathione,1
+/- Titanium Dioxide (Ci 77891),3
Glycyrrhetinic Acid,1
Artemisia Absinthium Extract,1
Cetyl Behenate,1
Aroma (Flavor),4
PEG-10 Phytosterol,3
Ethyl Acetate,3
Lactobacillus/Watermelon Fruit Ferment Extract,1
Ethyl Macadamiate,1
Cimicifuga Racemosa Root Extract,1
Ethylhexyglycerin,2
PEG-240/HDI Copolymer Bis-Decyltetradeceth-20 Ether,3
Ethylhexyl Cocoate,1
Glutamylamidoethyl Imidazole,1
Cetyl Lactate,1
Cicer Arietinum Seed Powder,1
Aqua / Water / Eau,3
Eucalpytus Globulus Leaf Oil,2
Glyceryl Oleate Citrate,1
Glyceryl Linoleate,3
Eucalyptus Globulus Leaf Water,1
PEG-8 Stearate,3
Glyceryl Hydroxystearate,1
PEG/PPG-18/18 Dimethicone,3
Eugenol*. *Plant origin,5
Ci 77492 (Iron Oxides),2
Glutathione,1
Annatto (CI 75120),4
Hippophae Rhamnoides (Sea Buckthorn) Oil,1
Diethylhexyl 2,1
Bis-Hydroxyethoxypropyl Dimethicone,1
Homosalate 5%,4
Magnesium Chloride,1
Magnesium Oxide,2
Ilex Guayusa Leaf Extract,1
Ilex Paraguariensis Leaf Extract,1
Japanese Rice Bran,2
Calcium PCA,2
Calendula Extract,2
Menthone Glycerin Acetal,1
Calendula Officinalis Extract,2
Jania Rubens Extract,1
Camellia Japonica Flower Extract,1
Mentha Piperita (Peppermint) Leaf Extract,4
Mentha Piperita (Peppermint) Extract,4
Cucumis Sativus (Cucumber) Oil,1
6-Naphthalate,6
Carthamus Tinctorius (Safflower) Seedcake Extract,1
Methylisothiazolinone,7
CI 77492/Iron Oxides,2
Hydroxyphenyl Propamidobenzoic Acid,1
Jasminum Officinale Extract/Jasmine Extract,4
Cucurbita Pepo (Pumpkin) Seed Oil,1
Cucurbita Pepo (Pumpkin) Seed Extract,1
CI 77499/Iron Oxides,2
CI 77891,2
Methyl Gluceth-10,1
Cucurbita Pepo (Pumpkin) Fruit Extract,1
Methylchloroisothiazolinone,7
Cactus Water,1
Methyl Perfluorobutyl Ether,4
Inulin,2
Ionone,5
Ipomoea Batatas Root Extract,1
Cocos Nucifera (Coconut) Shell Powder,1
Candelilla/Jojoba/Rice Bran Polyglyceryl-3 Esters,1
Manganese Violet (CI 77742),1
Ahnfeltia Concinna Extract,1
Cocos Nucifera (Organic Coconut) Oil,1
Malachite Extract,1
Cannabis Sativa Seed Extract,1
Caprooyl Phytosphingosine,1
Candelilla Cera/Euphorbia Cerifera (Candelilla) Wax,1
Isostearyl Palmitate,1
Isostearyl Hydroxystearate,1
Caprylic/capric Triglyceride,1
Caprylic/Capric Glycerides,3
Coconut,1
Cocomidopropyl Betaine,5
Isoamyl Laurate,1
Coffea Robusta Seed Extract,1
Corn Starch Modified,2
Commiphora Myrrha Resin Extract,1
Citrus Tangerina (Tangerine) Peel Oil,5
Carnitine,1
Melanin,1
Cordyceps Sinensis (Mushroom) Extract,1
Melaleuca Alternifolia (Tea Tree) Extract,6
Copper Pca,1
Comfrey Leaf,4
Maris Aqua (Sea Water),1
Collagen Amino Acids (Vegan),1
Coleus Barbatus Extract,1
Meadowfoam Estolide,1
Camphor,5
Malachite,1
Cananga Odorata Flower Extract,2
Hydroxypalmitol Sphinganine,1
Hydroxymethoxyphenyl Decanone,8
Hydroxyisohexyl 3-Cyclohexene Carboxaldehyde,6
Hydrogenated Olive Oil Stearyl Esters,1
Nelumbo Nucifera Extract,1
Ceramide Ap,1
Ceramide AS,1
Alkanna Tinctoria Root Extract,1
Ceramide 3,1
Myrothamnus Flabellifolia Leaf/Stem Extract,1
Ceramide EOS,1
Butylparaben,9
Centella Asiatica Meristem Cell Culture,1
Myristic acid,1
Hydrogenated Palm Glycerides Citrate,1
Hydrogenated Phosphatidylcholine,1
Hydrogenated Coco-Glycerides,1
Brassica Oleracea Acephala Leaf Extract,1
Citrus Clementina Fruit Extract,1
Borago Officinalis (Borage) Oil,1
Honey / Mel / Miel,2
Lactic Acid/Glycolic Acid Copolymer,1
Malt Extract,2
Oat Extract,1
Hordeum Vulgare (Barley) Extract\Extrait D'orge,1
Nitrogen. *Plant origin,1
Next-generation Hyaluronic Acid Crosspolymer,1
Nicotiana Sylvestris Leaf Cell Culture,1
Diazolidinyl Urea,1
Hyaluronic acid,1
Dextrin Palmitate/Ethylhexanoate,1
Deionized Water,1
Lycium Barbarum (Goji) Fruit Extract,1
Butyrospermum Parkii (Shea) Butter Unsaponifiables,1
Centella Asiatica Leaf Water,1
Centaurea cyanus flower water,1
Curcuma Longa (Turmeric) Root Powder,1
Magnesium,8
Cyanocobalamin,1
Cyamopsis Tetragonoloba (Guar) Gum,1
CI 42090 (Blue 1 Lake),3
Curcumin,1
Curcuma Longa Extract/Turmeric Root Extract,1
CI 75810 (Chlorophyllin-Copper Complex),2
CI 15850 (Red 7 Lake),3
Microcrystalline Wax/Cera Microcristallina/Cire Microcrystalline,2
Curcuma Longa (Turmeric) Rhizome Extract,1
Curcuma Longa (Tumeric) Root Extract,1
CI 77288 (Chromium Oxide Greens),5
Cupuaçu Butter,1
Jeju Green Tea Seed Oil,2
Aesculus Hippocastanum (Horse Chestnut) Extract,1
CI 15850 (Red 6),3
Butyrospermum Parkii Butter / Shea Butter,1
Moringa Oleifera Leaf Water,1
Declustered Water (-)\Aqua\Eau De-Structuree (-),1
Declustered Water (+)\Aqua\Eau De-Structuree (+),1
Hydrogenated Styrene/Isoprene Copolymer,1
Citrus Grandis (Grapefruit) Peel Extract,4
Hydrogenated Vegetable Oil/Huile Végétale Hydrogénée,2
C12-15 Alkyl Ethylhexanoate,1
C12-15 Alkyl Lactate,1
C18-38 Alkyl Hydroxystearoyl Stearate,1
Acrylates/c10-30 Alkyl Acrylate Crosspolymer,1
Citrus Junos Fruit Extract,1
Cymbopogon Martini Oil,1
Jojoba Oil/Macadamia Seed Oil Esters,1
Madecassic Acid,1
Chlorella Ferment,1
Lavender,2
Saccharomyces/Zinc Ferment,3
Zizyphus Jujuba Fruit Extract,1
Tamarindus Indica Seed Polysaccharide,1
Peg-75 Stearate,3
Tasmanian Pepperberry Derivative,4
Ribose,4
Rice Amino Acids,1
Rice Ferment Filtrate (Sake),1
Triticum Vulgare (Wheat) Bran Extract,1
Tetraacetylphytosphingosine,1
Rosa Canina (Rosehip) Fruit Oil,2
Tetradecyl Aminobutyroylvalylaminobutyric Urea Trifluoroacetate,1
Polyester-1,1
Rosa Centifolia Flower Water,3
Potassium Methoxysalicylate,1
Sodium Acrylates Crosspolymer-2,3
Whey Protein\Lactis Protein\Proteine Du Petit-Lait,1
Wheat Amino Acids,1
Water/Aqua,1
Potassium Alum,6
Polyglyceryl-10 Myristate,1
Rosa damascena flower water,1
Peg-400,3
Peg-4 Dilaurate,1
Sodium Hydroxypropylsulfonate Laurylglucoside Crosspolymer,1
Peg-20 Methyl Glucose Sesquistearate,3
Sodium Polyacryloyldimethyl Taurate,1
Sodium Palmoyl Glutamate,1
Peg-150,3
Super Lotus,1
Sodium Methyl Oleoyl Taurate,1
Rehmannia Chinensis Root Extract,1
Rehmannia Glutinosa Root Extract,1
Zinc Aspartate,1
Peg-20 Glyceryl Triisostearate,1
Zeolite,1
Sodium Laureth Sulfate,3
Zein,3
Sodium Lauryl Phosphate,1
Yogurt Powder,1
Sodium Lauroyl Methylaminopropionate,1
Syzygium Jambos Leaf Extract,1
Peg-30 Phytosterol,3
Peg-32,3
Silica Dimethyl Silyate,3
Walnut Powder,1
Vp/Eicosene Copolymer,1
Salicylic Acid (BHA) 2%,3
Saccharomyces/Copper Ferment,1
Triacetin,2
Saccharomyces/Iron Ferment,2
Saccharomyces/Magnesium Ferment,1
Tricaprylin,1
Vegan Collagen,1
Polymnia Sonchifolia Root Juice,1
Polyglyceryl-6 Polyricinoleate,1
Peony Root,1
Polylactic Acid,1
Saccharomyces Ferment,1
Trideceth-6 Phosphate,1
Salicyloyl Phytosphingosine,1
Trifluoroacetyl Tripeptide-2,1
Triheptanoin,1
Sea Water,3
Persea Gratissima (Avocado) Fruit Extract,1
Santalum Album (Sandalwood) Wood Extract,1
Sapindus Mukurossi Fruit Extract,1
Sargassum Fusiforme Extract,1
Tremella Mushroom,1
Vegetable Oil/Olus/Huile Vegetale,2
Rosemary Leaf Extract,1
Phenoxyethanol * Essential Oil,
Polyglyceryl-2 Stearate,1
Rosehip Fruit Extract,2
Rosehip Oil,1
Rosemary Essential Oil,1
Volcanic Ash,1
Pongamia Pinnata Seed Extract,1
Thymus Serpillum (Thyme) Extract,1
Sigesbeckia Orientalis Extract,1
Shorea Stenoptera Seed Butter,
Pentasodium Triphosphate,1
Rosmarinus Officinalis (Rosemary) Leaf,1
Shea Butter Ethyl Esters,1
Tin Oxide (Ci 77861),3
Rubus Fruticosus (Blackberry) Leaf Extract,1
Pentaerythrityl Tetraethlhexanoate,1
Saccarhide Isomerate,1
Polyglyceryl-6 Laurate,1
Saccharina Angustata/Undaria Pinnatifida Extract,
Viniferine,
Zingiber Zerumbet Extract,1
Sargassum Muticum Extract,1
Sunflower Extract,1
Sucrose Cocoate,1
Passiflora Incarnata Fruit Extract,1
Pyruvic Acid,1
Passiflora Incarnata Seed Oil,1
Quaternium-90 Bentonite,1
Propylene Glycol Dicaprylate,1
Paullinia Cupana (Guaraná) Seed Extract,1
Sucrose Distearate,1
Styrax Tonkinensis Resin Extract,1
Sucrose Palmitate,1
Pearl,1
Sodium Tocopheryl Phosphate,1
Red 22 Lake (CI 45380),5
Sodium Sulfite,4
Red 27 Lake,3
Solanum Lycopersicum (Tomato) Fruit Extract,
Stevioside,1
t-Butyl Alcohol,4
Pumice,3
Punica Granatum (Pomegranate) Fruit Extract,1
Pisum Sativum (Pea) Extract,1
Soy Amino Acids,1
Punica Granatum Flower Extract,1
Source: The NPD Group,8
Sorbitan Olivate (Derived from Olive),
Provitamin B5,1
Prunus Mume Fruit Extract,1
Purified Water,1
Prunus Armeniaca Kernal Oil/Apricot Kernal Oil,1
Prunus Armenaica (Apricot) Seed Powder,1
Pyridoxine Hcl,1
Plumeria Rubra Flower Extract,1
Propylene Glycol Laurate,1
Peg-14m,3
Peg-10 Isostearate,3
essential dietary supplements,
Pogostemon Cablin (Patchouli) Oil,1
Phytosteryl Isostearate,1
Red 30 Lake (CI 73360),3
Sodium Isethionate,1
Coenzyme Q10,1
Coriandrum Sativum (Coriander) Fruit/Leaf Extract,
Serica Extract / Silk Extract,2
Sodium Myristoyl Glutamate,1
Serenoa Serrulata Fruit Extract,1
Edta,1
Cocoyl Proline,1
Eight-Peptide Blend,
Solanum Melongena Fruit Extract,1
Elaeis Guineensis (Palm) Kernel Oil,1
Crysanthemum Parthenium (Feverfew) Extract,1
Elettaria Cardamomum Seed Oil,1
Cocos Nucifera Oil / Coconut Oil,1
Cocos Nucifera Oil (Coconut),1
Cocos Nucifera (ORGANIC Coconut) Oil,
Solum Fullonum (Fuller‘S Earth),1
Coffea Arabica (Coffee) Extract,1
Echinacea Purpurea Extract,1
Serica/Silk Powder/Poudre De Soie,
Disteareth-75 IPDI,3
Disodium Lauriminodipropionate Tocopheryl Phosphates,1
Coptis Japonica Root Extract,1
Sh-Polypeptide-1,1
Disodium Rutinyl Disulfate,1
Disodium Stearoyl Glutamate,1
Dispacus Sylvestris Extract,1
Sh-Oligopeptide-1,1
EDTA,1
Ecklonia Cava Extract,1
Eau de Mer),3
Cordyceps Sinensis Extract,1
Sesamum Indicum (Sesame) Seed Extract,1
Echinacea Purpurea (Coneflower) Extract,1
Cryptomeria Japonica Leaf Extract,1
Sesamum Indicum (Sesame) Seed,1
Coffea Arabica (Coffee) Fruit Extract,1
Sorbitan Isosterate,1
Emblica Officinalis Fruit Extract,1
Ellagic Acid,1
Sodium Peg-7 Olive Oil Carboxylate,3
Erythulose,1
Sea Water (Maris Aqua,1
Sodium Polystyrene Sulfonate,1
Crataegus Cuneata Fruit Extract,1
Sea Silt,3
Sea Lavender,1
Sea Buckthorn Oil,1
Ethyl Hexanediol,1
Soy Isoflavones (Geistein),
Eriocephalus punctualatus (Cape Chamomile) oil,1
Ethyl Lauroyl Arginate HCL,2
Soybean Folic Acid Ferment Extract,
Scutellaria Baicalensis Extract,1
Sclerocarya Birrea Seed Butter,
Schizandra Chinensis Fruit Extract,1
Ethylhexyl Methoxycinnamate/Octinoxate,5
Eriobotrya Japonica Leaf Extract,1
Disodium EDTA. *Pitera,1
Epilobium Angustifolium Flower/Leaf/Stem Extract,1
Coriandrum Sativum (Coriander) Seed Extract,1
Sodium Nitrate,1
Selaginella Tamariscina (Spike Moss) Extract,1
Encapsulated Retinol,9
Eosin,3
Sorbitan Sesquiisostearate,1
Sodium Palmitoyl Proline,1
Seaweed Extract,1
Cocoa Extract,1
Equisetum Arvense (Horsetail) Extract,1
Seaweed (Algae) Extract,1
Coriandrum Sativum Oil/Coriander Seed Oil,1
Cocoa Peptides,1
Equisetum Arvense Leaf Extract+,1
Ergocalciferol,4
Seawater,1
Disodium Laureth Sulfosuccinate,2
Dipsacus Sylvestris Extract,1
Disodium Distyrylbiphenyl Disulfonate,1
Daucus Carota Sativa Extract,1
Copper Palmitoyl Heptapeptide-14,
Copper Peptides,1
Sodium Carbonate,1
Copper Tripeptid,1
Sodium Carbomer,4
Sodium Bisulfite,4
Sodium Benzate,3
Decyloxazolidinone,1
Dehydrated Spheres of Hyaluronic Acid,
Colloidal Oatmeal (OTC),
Desert Milk™,1
Smilax Aristolochiifolia Root Extract,1
Sodium Salicylate,1
Collagen Support Complex,
Di-Ppg-2 Myreth-10 Adipate,1
Commiphora Myrrha Oil,1
Cupressus Sempervirens Oil,2
Dibutyl Lauroyl Glutamide,1
Complex Derived from Meadowfoam Seed,
Curcuma Longa Root Extract,1
Sodium Starch Octenylsuccinate,1
Cyathea Cumingii Leaf Extract,1
Sodium Glutamate,1
Copper Lysine Prolinate,
Sodium Glucuronate,1
Sodium Dodecylbenzenesulfonate,1
Sodium Cocoyl Sarcosinate,3
Sodium Cocoyl Alaninate,2
Sodium Stearate,1
Sodium Sulfate,3
Cymbopogon Nardus (Citronella) Oil,1
Copernicia Cerifera Cera (Carnauba Wax),1
Cymbopogon Schoenanthus Oil,3
Cupressus Sempervirens Seed Extract,2
Dandelion Root,6
Sodiumhydroxide,
Coffea Arabica (Coffee) Leaf/Seed Extract,1
Coffee Extract,1
Signal Peptide Complex (Growth Factors),
Coffee Arabica Seed Extract,1
Corsican Immortelle Essential Oil,
Cucumismelo (Melon) Fruit Extract,1
Coffee,1
Diospyros Kaki Fruit Extract,1
Cucumis Sativus Extract/Cucumber Fruit Extract,1
Coptis Japonica Extract,1
Diospyros Mespiliformis Leaf Extract,1
Solanum Lycopersicum (Tomato) Fruit Lipids,1
Shea Butter Triterpenes,2
Dipentaerythrityl Hexahydroxystearate/Hexastearate/Hexarosinate,1
Dipentaerythrityl Tetrahydroxystearate/Tetraisostearate,1
Dipentaerythrityl Tri-Polyhydroxystearate,1
Diphenyl Dimethicone,1
Copper Palmitoyl Heptapeptide-1,
Disiloxane,3
Dimethyl MEA (DMAE),3
Cucumus Sativus (Cucumber) Seed Oil,1
Dicapryl Carbonate,1
Dimethyl Isosorbide (and) Hydroxypinacolone Retinoate,
Coprinus,1
Soft Aura White Cocktail Complex,
Diglucosyl Gallic Acid,1
Simmondsia Chinensis (Jojoba) Seed Extract,1
Diisopropyl Adipate,1
Diisopropyl Dimer Dilinoleate,1
Silymarin,1
Cucurbita Pepo (Pumpkin),1
Cold Pressed Avocado) Oil,
Silver,4
Dimenthiconol,1
Dimethcone,3
Silk Powder,2
Silicones,3
Coix Seed Extract,1
Coffeeberry,1
Coffee Seed Oil,1
Sodium Carbonate Decahydrate,2
Papain (Papaya),1
Eucalyptu,2
Honey/Mel/Miel,2
Hippophae Rhamnoides Fruit Extract,1
Hippophae Rhamnoides Kernel Extract,1
Homarine Hcl,1
Homosalate 2,4
Homosalate 4,4
Red Lake 7 (Ci 15850),3
Homosalate 5.00%,
Homosalate 6.5,4
Red Ginger Root Extract,1
Red Algae,1
Red 7 Lake),6
Red 7 Lake,6
Reishi Mushrooms,1
Red 7,2
Hordeum Vulgare Extract,1
Hordeum Vulgare Leaf Juice,1
Red 6 Lake (CI 15850),3
Huile Minérale),1
Huile Végétale),
Hyacinth Extract,1
Hyaluronic Acid (HA),1
Hyaluronic Filling Spheres,1
Hydrochloric Acid,4
Reishi,1
Himanthalia Elongata Extract,1
Red 33 Lake (CI 17200),3
Hemp Seed Oi,1
Harungana Madagascariensis Extract,1
Hectorite,1
Helianthus Annuus (Hybrid Sunflower) Oil,1
Helianthus Annuus (Sunflower) Extract/Helianthus Annuus Extract,1
Helianthus Annuus (Sunflower) Oil,1
Rice Powder,5
Helianthus Annuus (Sunﬂower) Seed Oil,1
Helianthus Annuus Seed Oil (Sunflower),1
Ribes Nigrum(Black Currant) Bud Extract,1
Helianthusannuus (Sunflower) Seed Wax,1
Ribes Nigrum Bud Extract,
Heptanol,1
Hibiscus Extract,1
Heptyl Glucoside,1
Rhodiola Rosea Extract,1
Hesperetin Laurate,1
Hexapeptide-3,1
Hexapeptide48-HCL,1
Hexenyl Acetate,1
Hexyldecyl Laurate,4
Hexyldecyl Stearate,1
Retinol 1%,1
RenoCycle System,
Hydrogenated Avocado Oil,1
Red 33 (CI 17200). *Allergen,
Eucalyptus,2
Hydroxytyrosol,1
Hydroxyethyl Cellulose (Plant Derived),
Hydroxyethyl Ethylcellulose (Plant Derived),
Hydroxyethyl Ure,5
Pyrus Cydonia Seed Extract,1
Pyridoxine HCl,1
Pygmy Waterlily Stem Cell Extract,1
Pvp/Hexadecene Copolymer,1
Hydroxypropyl Starch Phosphate,1
Hydroxypropyltrimonium Maltodextrin Crosspolymer,1
Hydroxystearic/Linolenic/Linoleic Polyglycerides,1
Pure Retinol Micro-infusion Technology,
Hydroxy-Ethyl Acrylate/Sodium Acryloyldimethyl Taurate Copolymer,1
Ilex Guayusa (Guayusa) Leaf Extract,1
Pure Encapsulated Retinol,
Punica Granatum Fruit Juice,1
Punica Granatum (Pomegranate) Sterols,1
Punica Granatum (Pomegranate) Seed Oil,1
Pumpkin Enzyme,1
Pumpkin,1
Hydroxyethyl Acrylate/Sodium Acryloyldimethyl Taurate Copolymwer,1
Hydrolyzed Vegetable Protein,1
Hydrogenated Coconut Acid,1
Red 21 (Ci 45380),5
Hydrogenated Lecithin (Soy Origin),2
Hydrogenated Microcrystalline Wax,2
Hydrogenated Olive Oil Decyl Esters,1
Hydrogenated Olive Oil Lauryl Esters,1
Red 28 Lake),3
Hydrogenated Palm Oil,1
Hydrogenated Poly (C6-14 Olefin),1
Red 27 Lake (Ci 45410),3
Red 27 (CI 45410),3
Hydrogenated Styrene/ Isoprene Copolymer,1
Hydrogenated Styrene/Methyl Styrene/Indene Copolymer,1
Hydrolyzed Camellia Sinensis Leaf,
Hydrolyzed Soy protein,1
Raspberry Ketone,2
Hydrolyzed Corn Protein,2
Raspberry Fruit Extract,1
Raspberry Extract,1
Hydrolyzed Quinoa,1
Raphanus Sativus (Radish) Root Extract,1
Hydrolyzed Rice Bran Protein,2
Radiance Technology,
Hydrolyzed Soy Flour,1
Quillaja Saponaria Bark Extract,1
Hamamelis Virginiana (Witch Hazel) Extract,1
Rosa Centifolia Flower Extract,3
HDI/TriMethylol Hexyllactone Crosspolymer,1
Galactomyces Ferment Filtrate (Pitera),
Fragaria Vesca (Strawberry) Leaf Extract,1
Saccharomycopsis Ferment Filtrate,
Spinacia Oleracea (Spinach) Leaf Extract,1
Fragrance (Toasted Coconut,8
Saccharomyces/Silicon Ferment,1
Fructan,1
Fruit Enzymes,1
Fuscoporia Obliqua Sclerotium Extract,1
Gallic Acid,3
Foeniculum Vulgare (Fennel) Seed Extract,1
Saccharomyces Complex,1
Gamma-Decalactone,1
Gardenia Jasminoides (Gardenia) Fruit Extract,1
Saccharin,1
Saccharide Hydrolysate,1
Gaultheria Procumbens (Wintergreen) Leaf Oil,1
STEP 02 Hydro Liquid Ampoule:,
STEP 01 Super Booster:,
SD Alcohol 39B,3
Genistein,1
Gentiana Lutea Root Extract,1
Salicylic Acid (BHA),3
Flaxseed Oil,
HA³,4
Eucalyptus Globululs Leaf Oil,2
Eucalyptus Globulus Leaf,2
Saponins,2
Eucalyptus Globulus Leaf Powder,1
Eugenia Caryophyllus (Clove) Leaf Oil,4
Eugenia Caryophyllus Leaf/Flower Oil,
Salvia Sclarea (Clary Sage) Oil,1
Salvia Officinalis (Sage) Flower/Leaf/Stem Water,
Euterpe Oleracea Sterols,1
Evening Primerose Oil,1
Evodia Rutaecarpa Fruit Extract,1
Extract of Laminaria Kelp,1
Eyebright Extract,1
Farnesol** Citral,
Fermented Chaga,1
Fermented Reishi,1
Salicylic Acid 2%,5
Flavor / Aroma,4
Gigartina Stellata (Algae) Extract,1
Ginkgo,1
Glacial Glycoprotein,
Gold (CI 77480),2
Glycine Soja Protein,1
Glycogen,1
Rose Distillate,1
Rose Clay,3
Rose Absolute (Rosa Centifolia),3
Rosamarinus Officinalis (Rosemary) Leaf Oil+,1
Rosa damascena (Moroccan Rose) Absolute,3
Glycyrrhiza Glabra (Licorice) Rhizome/Root Extract,4
Rosa Spp/Rose Flower Oil,3
Glycyrrhiza Inflata Root Extract,1
Goji Stem Cells,1
Gold (Ci 77480),2
Glossypium Herbaceum (Cotton) Extract,1
Gold Leaf,1
Rosa Moschata Seed Oil,3
Grape Marc,2
Grape Seed Extract,1
Grape Seed Oil,1
Grapeseed Oil,1
Green Clay Mask:,8
Green Pigments,3
Guerlain Exclusive Royal Jelly,
Gynostemma Pentaphyllum Leaf Extract,1
Glycine Soja (Soybean) Sterol,1
Rose Gallica Flower Extract,3
Rose Hydrosol: Hydrates skin,1
Rose Oil Extract,3
Gluconolacctone,1
Rubus Suavissimus (Raspberry) Leaf Extract,1
Glucosamine Hcl,1
Glucose Oxidase,1
Royal Jelly,1
Rosmarinyl Glucoside,1
Glycereth-20,1
Rosmarinus Officinalis Leaf Oil,1
Glycereth-7 Caprylate/Caprate,1
Glyceri,2
Rosmarinus Officinalis Leaf Extract/Rosemary Leaf Extract,1
Glycerin (Derived from Sustainable Palm),2
Glycerin (Organic),2
Rosmarinus Officinalis (Rosemary) Leaf Oil++,1
Glyceryl Citrate/Lactate/Linoleate/Oleate,1
Glyceryl Glucoside,1
Rosmarinus Officina-Lis Leaf Oil/Rosemary Leaf Oil,1
Rosmarinus O_cinalis (Rosemary) Leaf Extract,1
Rosemary Leaf,1
Rosemary Extract,1
Glyceryl Rosinate,1
Glycine Max (Soybean) Oil,1
Rose of Winter,3
Sphingolipids,1
Cinnamomum Camphora (Camphor) Leaf Extract,1
Spirulina Platensis Extract,1
Aspergillus Ferment,1
Artemisia Ubelliformis Extract,1
Artichoke Leaf,1
Water/Eau,3
Ascorbyl Glucoside (Vitamin C),1
Ascorbyl Methylsilanol Pectinate,1
Water Lily,5
Water Glycerin,1
Ash Tree Extrac,1
Ashwagandha,1
Asian Fruit Extract,3
Water /Aqua/ Eau,3
Asparagus Ofﬁcinalis Extract,1
Astaxanthin,1
Withania Somnifera (Ashwagandha) Extract,1
Water (Purified Deionized Water),1
Water (Aqua/Eau),1
Atractylodes Macrocephala Root Extract,1
Avena Sativa (Oat) Kernel Protein,1
Avena Sative (Oat) Kernel Extract,1
Averrhoa Carambola Leaf Extract,1
Avobenzone,2
Avobenzone 2.5%,6
Avobenzone 2.7,2
Avobenzone 2.8%,2
Avocado,1
Watermelon Extract of Natural Origin,1
Artemisia Capillaris Flower Extract,1
Watermelon Fruit Extract,1
Whey Protein\Lactis Protein\Protéine Du Petit-Lait,1
Anogeissus Leiocarpus Bark Extract,1
Anona Squamosa Seed Extract,1
Anthemis Nobilis (Chamomile),2
Winter Daphne Stem Cells Extract,
Winged Kelp,2
Anthemis nobilis (English Chamomile) oil,2
Willowherb,1
Apricot Kernel Amino Acid,1
Apricot Oi,1
Apricot Seed Powder,1
Aqua,1
Aquaxyl,
Arctium Lappa Root Extract,1
Arctostaphylos Uva-Ursi Leaf Extract,1
White Willow Bark Extract,1
White Tea Extract,3
White Mulberry Root,1
Arginine Ferulate,1
Arginine HCL,1
Arginine Hcl,1
White Leaf Tea Water,1
White Clay,1
Arnica,2
Arnica Montana (Arnica) Flower Extract,2
White Beeswax,1
Azelaic Acid Precursors from Grains,1
Voandzeia Subterranea Seed Extract,1
BHA,4
Beta-Carotene (Ci 75130),2
Vinyl Dimethicone/ Methicone Silsesquioxane Crosspolymer,1
Betaphycus Gelatinum Extract,1
Betula Alba Bark Extract,2
Bifidus Prebiotic 10%,
Bio-peptides,1
Biosaccharide Gum - 1,1
Vinly Dimethicone/Methicone Silsesquioxane Crosspollymer,1
Vetivera zizanoides (Vetiver) oil,2
Bis-Diglyceryl Polyacyladipate-1,1
Bis-Glyceryl Ascorbate,1
Bis-Vinyl Dimethicone/Dimethicone Copolymer,1
Bismuth Oxychloride,1
Black Hijiki Seaweed,
Black Tea Ferment,1
Vegan Silk Protein,1
Blue Tansy Oil,1
Blue-green Algae,1
Blueberry Oil,1
Vanillyl Butyl Ether,1
Vanilla Tahitensis Fruit Extract,1
Boswellia Carterii (Olibanum) Oil,1
Viola Mandshurica Flower Extract,1
Beta-Carotene (CI 40800),1
Baccharis Genistelloides Extract,1
Virgin Coconut Oil,1
Bacillus/Soybean/ Folic Acid Ferment Extract,1
Vitis Vinifera Seed Extract,1
Vitis Vinifera (Organic,1
Vitis Vinifera (Grape) Skin Extract,1
Bambusa Arundinacea Stem Powder,1
Bambusa Vulgaris Leaf/Stem Extract,1
Baobab Tree Leaf Extract,1
Vitis Vinifera (Grape) Leaf Extract,1
Vitis Vinifer Seed Extract/Grape Seed Extract,1
Barosma Betulina Leaf Extract,2
Beech Tree Extract,4
Beeswa,1
Vitamin C Ester,1
Beeswax (ORGANIC),1
Vitamin C Este,1
Vitamin B6,1
Behenyl Alcohol Tocopheryl Acetate,
Vitamin B5 (Panthenol),1
Vitamin,1
Benzalkonium Chloride,5
Benzyl Acohol,6
Viscum Album (Mistletoe) Leaf Extract,1
Benzyl Glycol,1
Berberis Vulgaris Root Extract,
Anogeissu,1
Xantham Gum,1
Squalane (Olive),1
Acmella Oleracea (Spilanthes) Extract,1
Acetyl Carnitine Hcl,1
Acetyl Hexapeptide-3,1
Acetyl Hydroxyproline,1
Acetyl Tetrapeptide-15 (098/131),1
Acetyl Tetrapeptide-17,1
Acetyl Tetrapeptide-2,1
plant origin,1
Acetyl Tetrapeptide-9,1
Acmella Oleracea Extract,1
Aniba Rosodora (Rosewood) Wood Oil,1
Acorus Calamus Root Extract,1
Acrylates/Ammonium Methacrylate Copolymer,1
Acrylates/Beheneth-25 Methacrylate Copolymer,1
Acrylates/Ethylhexyl Acrylate Crosspolymer,1
Acrylates/Ethylhexyl Acrylate/Dimethicone Methacrylate Copolymer,1
Acrylates/Palmeth-25 Acrylate Copolymer,1
Acrylates/Stearyl Acrylate/Dimethicone Methacrylate Copolymer,1
Acryloyldimethyltaurate/Vp Copolymer,1
Acetyl Carnitine HCL,1
sh-Polypeptide-11,1
Acerola Seed Extract,3
Acerola Cherry,1
+/- May Contain/Peut Contenir: Mica,2
+/-: Iron Oxides (Ci 77499,2
-Coconut Oil,1
100 Percent Natural DHA,1
100 Percent Pure Argan Oil,3
100% Pure Argan Oil,3
100% Squalane Oil,1
100% Sugarcane-Derived Squalane,1
2 Hexanediol,1
3-0-Ethyl Ascorbic Acid,1
3-O-Ethyl Ascorbic Acid (Vitamin C),
30 Percent Hyaluronic Acid Complex,
4-t-Butylcyclohexanol,1
77492,2
77499),2
AHA/Glycolic Acid,1
sr-Spider Polypeptide-1,
Acacia Farnesiana Flower Wax,1
Acanthopanax Senticocus (Siberian) Root Extract,1
Activated-X Charcoal,1
Acyl-Glutathion,1
Acyl-Glutathione,1
Aloe Leaf Extract,3
Aloebarbadensis Leaf Extract,
Zingiber Officinale (Ginger) Extract,1
Zingiber Aromaticus Extract,1
Zinc Oxide 8,3
Alpinia Galanga Leaf Extract,
Zinc Oxide 17.4%,3
Aluminum Distearate,1
Aluminum Glycinate,4
Amber Powder,4
Amino Esters-1,5
Zeatin,5
Ammonium,5
Zea Mays (Corn) Oil,1
Ammonium Acryloyldimethyltaurate/Carboxyethyl Acrylate Crosspolymer,1
Youth-building Peptides And Retinol,
Ammonium Polyacrylate,2
Yogurt,1
Amyl Cinnamal,3
Yellow 6 Lake),6
Yellow 6 (CI 15985),7
Yellow 5 Lake),6
Yellow 10 Lake (Ci 47005),8
Yeast Beta-Glucan,2
Xanthophylls,1
Aniba Rosaeodora Wood Oil,1
Aloe Vera Vitamin Mask:,
Aloe Leaf,3
Adansonia Digitata Fruit Extract,1
Aloe Juice,3
Adansonia Digitata Leaf Extract,1
Aden- Osine,1
Adenosine Phosphate,1
Adipic Acid/Neopentyl Glycol Crosspolymer,1
Advanced Combination of Hyaluronic Acids,
Alaria Esculenta Extract,1
Albiza Julibrissin Bark Extract,1
Albizia,4
Alchemilla Vulgaris Extract,1
essential oil,3
Alchemilla Vulgaris Leaf Extract+,1
Aleurites Moluccanus Seed Oil,1
Alfalfa Seed Complex,
Algae Extracts,1
Algae Oligosaccharides,1
All Natural Blend of Menthol,
Allium Cepa (Onion) Bulb Extract,1
Aloe Barbadensis (Aloe Vera) Leaf,3
Zingiber Officinale Root Extract/Ginger Root Extract,1
Aloe Barbadensis leaf Extract,3
Bottom Layer:,1
Brassica Campestris (Rapeseed) Seed Oil,1
Synthetic Fragrance,
Cha-7 es Complex,4
Cha-7 es complex,4
Chamomil,2
Chamomila Recutita (Matricaria) Flower Oil,2
Chamomilla Recutita (Matricaria) Flower Water,2
Chamomilla Recutita Flower Extract,2
Charcoal,1
Chia Seed Oi,1
Chitosan Ascorbate,1
Valeriana Officinalis Root Oil,1
Synthetic Dyes,2
Symphytum Officinale Callus Culture Extract,
Cholesteryl Isostearate,1
Swertia Chirata Extract,1
Surgical Grade Pure White Petrolatu,
Chondrus Crispus (Red Algae) Extract,
Chonrus Crispus (Carrageenan) Extract,1
Chromium Hydroxide Green (Ci 77289),4
Super Bio-hyaluronic Acid Plus,1
Super Bio-hyaluronic Acid N,1
Chrono-Response™ Complex,
Sunflower Oil,1
Cetyl Stearate,1
Tanacetum annuum (Blue Tansy) oil,1
Tea Tree Oil,1
Tea-Cocoyl Glutamate,2
Theanine,6
Cera Alba (Beeswax,1
Cera Alba (Beeswax)/Cire D'abeille,1
Cera Alba/Beeswax/Cire D’abeille,1
Cera Microcristallina/Microcrystalline Wax,1
Cera Microcristallina/Microcrystalline Wax/Cire Microcristalline,1
Ceramide 2,1
The Mud Mask:,1
Ceramide Eop,4
Tetrapotassium Pyrophosphate,1
Tetrapeptide,1
Ceratonia Siliqua (Carob) Fruit Extract,1
Tetrahydropiperine,
Cerium,2
Cerium Oxide,4
Cermaide NP,1
Certified Organic Aloe,3
Certified Organic Ginkgo Biloba,1
Ceteareth-6 Olivate,1
Cetearyl Alchol,1
Cetearyl Ethylhexanoate,1
Terminalia Chebula Fruit Extract,1
Terminalia Arjuna Extract,1
Sunflower Oi,1
Sulfur,2
Sulfates,1
Iron Oxide (CI 77499),2
Sucralose,1
Cinnamomum Zeylanicum Leaf Oil,3
Cinnamyl Alcohol,4
Citrannellol,4
Citric Acid. [+/- May Contain,2
Streptococcus Thermophilus Ferment,1
Stevia Rebaudiana Leaf/Stem Extract,1
Citrus Aurantifolia (Lime) Juice,2
Stellaria Media (Chickweed( Extract*+,1
Citrus Aurantifolia (Lime) Oil++,4
Citrus Aurantium Amara (Neroli) Oil,6
Citrus Aurantium Bergamia,2
Citrus Aurantium Dulcis (Orange) Juice,1
Stearyl Heptanoate,1
Stearyl Glycyrrhetinate (Licorice),4
Citrus Aurantium var. Amara,6
Stearyl Glycyrrhetinate (Licorice Extract),4
Stearyl Caprylate,1
Citrus Limon (Lemon) Juice,6
Citrus Medica Limonum Peel Extract,6
Citrus Medica Limonum Peel Oil,6
Citrus Nobilis (Mandarin) Peel Oil,5
Citrus Paradisi (Grapefruit) Fruit Extract,4
Stabilized Vitamin C,1
Cl 77492 (Iron Oxides). *Pitera™,2
Cinnamomum Cassia (Cinnamon) Bark Extract,3
Cinnamic Aldehyde,3
Ci 14700 (Red 4),3
Sucrose (Sugar),1
Ci 15850 (Red 7 Lake),3
Ci 15850/Red 6,3
Ci 15850/Red 7 Lake,3
Ci 15985/Yellow 6 Lake,7
